file,seq_len_bp,n_orfs,orf_to_bp_ratio,orfs_per_kb,mean_cai_percent,mean_esm2_perplexity
0000_La_Madrastra_1962_TV_series_.fasta,3307,0,0.000000,0.000,,
0001_I_Write_Sins_Not_Tragedies.fasta,1145,0,0.000000,0.000,,
0002_Brainbombs_1999_compilation_.fasta,3408,0,0.000000,0.000,,
0003_Derek_O_Brien_politician_.fasta,790,0,0.000000,0.000,,
0004_Boise_Idaho.fasta,4752,1,0.000210,0.210,56.87,2.3951
0005_Louise_lisabeth_de_Bourbon.fasta,1788,0,0.000000,0.000,,
0006_Violin_Concerto_Sibelius_.fasta,4140,0,0.000000,0.000,,
0007_The_Family_Plan.fasta,3062,1,0.000327,0.327,49.20,8.4028
0008_Leuvrigny.fasta,1218,0,0.000000,0.000,,
0009_Gilles_Brassard.fasta,4671,1,0.000214,0.214,47.01,10.3752
0010_Tiffany_Trump.fasta,4554,0,0.000000,0.000,,
0011_Zawe_Ashton.fasta,1418,2,0.001410,1.410,52.53,3.5194
0012_Thai_National_Anthem.fasta,4447,2,0.000450,0.450,55.50,12.3523
0013_Jack_Davis_industrialist_.fasta,1261,0,0.000000,0.000,,
0014_Deaths_in_October_2017.fasta,4581,0,0.000000,0.000,,
0015_Jammu_district.fasta,3691,1,0.000271,0.271,47.77,4.2208
0016_Ergny.fasta,3599,2,0.000556,0.556,52.67,6.6043
0017_Saterland_Frisian_language.fasta,3454,0,0.000000,0.000,,
0018_Prosecution_of_Donald_Trump_in_New_York.fasta,2992,1,0.000334,0.334,51.08,7.9990
0019_Antoine_Schildwein.fasta,4257,0,0.000000,0.000,,
0020_The_Storm_1933_movie_.fasta,2457,0,0.000000,0.000,,
0021_2019_FIFA_Women_s_World_Cup_Group_A.fasta,1515,0,0.000000,0.000,,
0022_Cyclone_Aila.fasta,3321,0,0.000000,0.000,,
0023_Spechbach_Haut-Rhin.fasta,2379,0,0.000000,0.000,,
0024_Build_Back_Better_Plan.fasta,2108,0,0.000000,0.000,,
0025_Neuilly-en-Dun.fasta,973,1,0.001028,1.028,53.23,6.6117
0026_Campugnan.fasta,657,0,0.000000,0.000,,
0027_Nachos.fasta,3097,2,0.000646,0.646,53.24,16.1318
0028_Hui_people.fasta,2659,0,0.000000,0.000,,
0029_Chokwe_language.fasta,1584,0,0.000000,0.000,,
0030_O_Reilly_Auto_Parts.fasta,3395,2,0.000589,0.589,50.43,5.4332
0031_2019_NBA_Finals.fasta,1709,0,0.000000,0.000,,
0032_Madagascar_franchise_.fasta,1345,0,0.000000,0.000,,
0033_Yl_j_rvi.fasta,1030,1,0.000971,0.971,56.30,9.7175
0034_Rytro.fasta,1272,0,0.000000,0.000,,
0035_Oral_Kazakhstan.fasta,3277,0,0.000000,0.000,,
0036_Renzo_Chiocchetti.fasta,3839,1,0.000260,0.260,51.53,14.6066
0037_Diocese_of_Visby.fasta,526,0,0.000000,0.000,,
0038_Treehouse_of_Horror_XXXII.fasta,605,0,0.000000,0.000,,
0039_Turkey_at_the_Olympics.fasta,3309,0,0.000000,0.000,,
0040_Behaviour_therapy.fasta,1687,0,0.000000,0.000,,
0041_Skew_lines.fasta,4948,2,0.000404,0.404,49.56,10.3250
0042_Avram_Glazer.fasta,931,0,0.000000,0.000,,
0043_Di_rio_da_Rep_blica.fasta,408,0,0.000000,0.000,,
0044_Zealot.fasta,1893,0,0.000000,0.000,,
0045_Palatalization_phonetics_.fasta,4353,1,0.000230,0.230,50.44,14.0777
0046_Carefree_Arizona.fasta,4534,0,0.000000,0.000,,
0047_Dutch_Wikipedia.fasta,680,0,0.000000,0.000,,
0048_Sunamganj_District.fasta,2002,1,0.000500,0.500,58.87,4.6419
0049_Thiepval.fasta,1888,1,0.000530,0.530,47.64,3.8442
0050_Vulnerability_index.fasta,1006,0,0.000000,0.000,,
0051_Annie_Montague_Alexander.fasta,3578,1,0.000279,0.279,50.75,8.3639
0052_R_yksopp.fasta,1329,0,0.000000,0.000,,
0053_Newport_Aquarium.fasta,772,0,0.000000,0.000,,
0054_Pearl_White.fasta,2630,0,0.000000,0.000,,
0055_2023_FIFA_Women_s_World_Cup_Group_A.fasta,4142,0,0.000000,0.000,,
0056_Neuve-Maison.fasta,567,0,0.000000,0.000,,
0057_Ed_Beck.fasta,881,0,0.000000,0.000,,
0058_Lienz.fasta,2518,0,0.000000,0.000,,
0059_Four_temperaments.fasta,3043,0,0.000000,0.000,,
0060_Frettecuisse.fasta,4579,0,0.000000,0.000,,
0061_Mark_Bresciano.fasta,4174,2,0.000479,0.479,54.62,13.4222
0062_Tumbleweed_band_.fasta,829,0,0.000000,0.000,,
0063_Ecoregion.fasta,4666,0,0.000000,0.000,,
0064_Cedar_Bluff_Alabama.fasta,1568,0,0.000000,0.000,,
0065_Rum_island_.fasta,2895,1,0.000345,0.345,58.54,8.7509
0066_Mungrisdale.fasta,4932,0,0.000000,0.000,,
0067_Red_mercury.fasta,4185,1,0.000239,0.239,47.74,12.3931
0068_Sanela_Diana_Jenkins.fasta,379,1,0.002639,2.639,50.54,8.9846
0069_Interior_point_method.fasta,4439,0,0.000000,0.000,,
0070_Spirit_Leona_Lewis_album_.fasta,2491,0,0.000000,0.000,,
0071_Guinea_pig.fasta,1239,0,0.000000,0.000,,
0072__nder_Sisters.fasta,1134,0,0.000000,0.000,,
0073_Chicago_and_Michigan_Lake_Shore_Railroad.fasta,2766,0,0.000000,0.000,,
0074_Roquecourbe.fasta,1434,0,0.000000,0.000,,
0075_Show_Me_Show_Me.fasta,2507,0,0.000000,0.000,,
0076_Octet_rule.fasta,2310,0,0.000000,0.000,,
0077_Payerne.fasta,4421,0,0.000000,0.000,,
0078_Murder_of_Dru_Sjodin.fasta,1247,0,0.000000,0.000,,
0079_The_Old_Man_and_the_Sea.fasta,2141,1,0.000467,0.467,47.40,6.7630
0080_Andinobates_altobueyensis.fasta,2978,0,0.000000,0.000,,
0081_Islam_in_Niger.fasta,4021,0,0.000000,0.000,,
0082_Lemmings_3D.fasta,2705,1,0.000370,0.370,54.05,6.9432
0083_Monsters_University.fasta,3831,2,0.000522,0.522,52.83,10.8723
0084_2022_KwaZulu-Natal_floods.fasta,2939,0,0.000000,0.000,,
0085_Entrechaux.fasta,3986,2,0.000502,0.502,50.12,7.5871
0086_Przewalski_s_horse.fasta,1756,0,0.000000,0.000,,
0087_Saint-Fargeau.fasta,1161,0,0.000000,0.000,,
0088_Nuclear_missile.fasta,1693,0,0.000000,0.000,,
0089_Abbott_Texas.fasta,2289,0,0.000000,0.000,,
0090_Brooklyn_Connecticut.fasta,1170,0,0.000000,0.000,,
0091_Bactria.fasta,631,0,0.000000,0.000,,
0092_Lourties-Monbrun.fasta,3943,1,0.000254,0.254,54.54,13.3102
0093_Motorola_68000.fasta,4310,0,0.000000,0.000,,
0094_Manila_in_the_Claws_of_Light.fasta,4003,0,0.000000,0.000,,
0095_Strawberry_and_Chocolate.fasta,2262,0,0.000000,0.000,,
0096_Angklung.fasta,1920,0,0.000000,0.000,,
0097_Pitbull_rapper_.fasta,2910,0,0.000000,0.000,,
0098_Libra_DC_Comics_.fasta,4313,1,0.000232,0.232,50.79,7.7029
0099_Volendam.fasta,765,1,0.001307,1.307,51.46,12.3700
0100_Melissa_Johns.fasta,1034,0,0.000000,0.000,,
0101_2020_Taal_Volcano_eruption.fasta,2660,0,0.000000,0.000,,
0102_Rind.fasta,1849,1,0.000541,0.541,52.42,14.5752
0103_List_of_Arthur_episodes.fasta,2668,1,0.000375,0.375,49.37,9.7443
0104_Arrondissement_of_Tournon-sur-Rh_ne.fasta,3421,0,0.000000,0.000,,
0105_Liam_O_Flynn.fasta,3384,0,0.000000,0.000,,
0106_Polypedates_colletti.fasta,1205,0,0.000000,0.000,,
0107_Blowin_in_the_Wind.fasta,4714,1,0.000212,0.212,53.84,2.7164
0108_James_while_John_had_had_had_had_had_had_had_had_had_had_had_a_better_effect_on_the_teacher.fasta,3662,1,0.000273,0.273,57.79,11.0004
0109_Puffin_Rock_and_the_New_Friends.fasta,2441,0,0.000000,0.000,,
0110_Point_of_view_philosophy_.fasta,1001,0,0.000000,0.000,,
0111_Poekilopleuron.fasta,4656,0,0.000000,0.000,,
0112_Need_for_Speed_II.fasta,2070,1,0.000483,0.483,47.83,12.7160
0113_Papyrus_Vindobonensis_Greek_39777.fasta,2950,2,0.000678,0.678,52.51,10.5347
0114_Mahesh_Chandra_Mehta.fasta,4928,2,0.000406,0.406,52.55,7.1892
0115_Garrett_Texas.fasta,3472,1,0.000288,0.288,48.04,12.9771
0116_William_Sanderson.fasta,1832,0,0.000000,0.000,,
0117_2010_Nobel_Prizes.fasta,2393,0,0.000000,0.000,,
0118_Chuck_Arnason.fasta,4852,1,0.000206,0.206,57.49,12.8008
0119_Tibetan_script.fasta,1489,0,0.000000,0.000,,
0120_Quiriego_Municipality.fasta,1194,0,0.000000,0.000,,
0121_Clark_County_Indiana.fasta,733,0,0.000000,0.000,,
0122_Mario_Paint.fasta,1884,0,0.000000,0.000,,
0123_Regina_Romero.fasta,1191,0,0.000000,0.000,,
0124_Universe_of_discourse.fasta,2935,0,0.000000,0.000,,
0125_Jerzy_Skolimowski.fasta,2541,0,0.000000,0.000,,
0126_Birdo.fasta,3615,0,0.000000,0.000,,
0127_Hudson_Florida.fasta,3107,0,0.000000,0.000,,
0128_Battle_of_Palkhed.fasta,3822,0,0.000000,0.000,,
0129_Arivechi_Municipality.fasta,4460,1,0.000224,0.224,49.12,10.6127
0130_Pfaffenhofen_district_.fasta,4375,0,0.000000,0.000,,
0131_Saint-Faust.fasta,4844,0,0.000000,0.000,,
0132_Space_Jam_franchise_.fasta,2398,0,0.000000,0.000,,
0133_Yuki_Hamano.fasta,3391,1,0.000295,0.295,50.37,8.3173
0134_Guido_Vildoso.fasta,1025,0,0.000000,0.000,,
0135_Olga_Frolkina.fasta,3608,1,0.000277,0.277,49.13,15.5691
0136_Meena_Harris.fasta,2233,0,0.000000,0.000,,
0137_Brussels-Capital_Region.fasta,2474,0,0.000000,0.000,,
0138_Linking_verb.fasta,1491,0,0.000000,0.000,,
0139_Dante_Caputo.fasta,3717,0,0.000000,0.000,,
0140_Brouay.fasta,1315,0,0.000000,0.000,,
0141_Valdosaurus.fasta,4797,0,0.000000,0.000,,
0142_Wynne_Bradburn.fasta,2348,0,0.000000,0.000,,
0143_Beerse.fasta,4047,0,0.000000,0.000,,
0144_Jerry_Jeff_Walker.fasta,3000,0,0.000000,0.000,,
0145_Legislative_intent.fasta,4959,1,0.000202,0.202,49.39,14.8025
0146_Universal_.fasta,1724,0,0.000000,0.000,,
0147_After_The_Fox.fasta,1938,1,0.000516,0.516,54.36,7.2363
0148_The_Gardener_1912_movie_.fasta,1281,1,0.000781,0.781,52.30,10.9819
0149_Kirchham.fasta,364,0,0.000000,0.000,,
0150_The_Lock.fasta,2837,2,0.000705,0.705,51.83,14.0864
0151_Chinese_Canadians.fasta,319,0,0.000000,0.000,,
0152_Lithium_disilicate.fasta,889,0,0.000000,0.000,,
0153_Johnny_Doesn_t_Live_Here_Any_More.fasta,652,0,0.000000,0.000,,
0154_Bear_in_the_Big_Blue_House.fasta,642,0,0.000000,0.000,,
0155_Laurence_Street.fasta,335,0,0.000000,0.000,,
0156_Marianne_Thieme.fasta,2363,0,0.000000,0.000,,
0157_John_Roll.fasta,2397,0,0.000000,0.000,,
0158_Great_Neck_Plaza_New_York.fasta,762,1,0.001312,1.312,53.76,8.5186
0159_Arlene_Phillips.fasta,4284,1,0.000233,0.233,51.47,5.1965
0160_Clytus_arietis.fasta,2807,0,0.000000,0.000,,
0161_Patrick_Michaels.fasta,1041,0,0.000000,0.000,,
0162_The_Waiting_song_.fasta,2558,1,0.000391,0.391,56.15,12.5296
0163_Staudach-Egerndach.fasta,3677,3,0.000816,0.816,49.64,8.6719
0164__K_Slovan_Bratislava.fasta,1975,0,0.000000,0.000,,
0165_Manganese_dioxide.fasta,744,0,0.000000,0.000,,
0166_Noriko_Horiuchi.fasta,4147,2,0.000482,0.482,49.06,10.0780
0167_A_Girl_with_Guitar.fasta,3810,0,0.000000,0.000,,
0168_Lucy-sur-Yonne.fasta,4697,3,0.000639,0.639,49.98,8.2149
0169_Linlithgow_Rose_F.C..fasta,1821,0,0.000000,0.000,,
0170_You_Shouldn_t_Kiss_Me_Like_This.fasta,2283,0,0.000000,0.000,,
0171_Marles-les-Mines.fasta,440,0,0.000000,0.000,,
0172_Nus_Aosta_Valley.fasta,2212,0,0.000000,0.000,,
0173_Phablet.fasta,3381,1,0.000296,0.296,54.51,1.4022
0174_Septmonts.fasta,477,0,0.000000,0.000,,
0175_V_signeul-sur-Marne.fasta,4540,0,0.000000,0.000,,
0176_Hyloxalus_fuliginosus.fasta,3750,1,0.000267,0.267,55.87,13.7407
0177_Jyotsna_Das.fasta,3642,4,0.001098,1.098,48.55,6.2924
0178_E.T._the_Extra-Terrestrial.fasta,3602,0,0.000000,0.000,,
0179_R._Nagaswamy.fasta,1670,0,0.000000,0.000,,
0180_Wes_Nelson.fasta,3941,0,0.000000,0.000,,
0181_Ra_l_Rivero.fasta,1632,0,0.000000,0.000,,
0182_G_ran_Zachrisson.fasta,1978,0,0.000000,0.000,,
0183_Creepypasta.fasta,3804,0,0.000000,0.000,,
0184_Tomaso_Albinoni.fasta,2101,0,0.000000,0.000,,
0185_Goudelancourt-l_s-Berrieux.fasta,4711,3,0.000637,0.637,51.24,12.8406
0186_Quincy_Cher.fasta,1928,1,0.000519,0.519,51.41,5.4228
0187_Michel_Stolker.fasta,753,0,0.000000,0.000,,
0188_Engin_Baytar.fasta,589,0,0.000000,0.000,,
0189_Pelvis.fasta,4531,0,0.000000,0.000,,
0190_Tristan_und_Isolde.fasta,766,0,0.000000,0.000,,
0191_The_Cry_of_the_Icemark.fasta,1938,0,0.000000,0.000,,
0192_Micromoth.fasta,2657,0,0.000000,0.000,,
0193_Prawit_Wongsuwan.fasta,2895,2,0.000691,0.691,48.93,7.4618
0194_Crown_Prince_Uiso.fasta,2283,0,0.000000,0.000,,
0195_Brandon_Barnes.fasta,2279,2,0.000878,0.878,49.72,4.7574
0196_Mohamed_Hamad.fasta,647,0,0.000000,0.000,,
0197_Analytical_psychology.fasta,3150,0,0.000000,0.000,,
0198_Andrzej_Lesiak.fasta,1403,0,0.000000,0.000,,
0199_Tr_garvan.fasta,3496,1,0.000286,0.286,54.55,14.6828
0200_Open_All_Night_song_.fasta,558,0,0.000000,0.000,,
0201_Patricia_Quintana.fasta,2396,0,0.000000,0.000,,
0202_Lieke_Klaassen.fasta,3292,1,0.000304,0.304,56.35,7.5434
0203_Inger_St_jberg.fasta,4659,0,0.000000,0.000,,
0204_Ae_Dil_Hai_Mushkil.fasta,451,0,0.000000,0.000,,
0205_Abram_Pinkenson.fasta,973,0,0.000000,0.000,,
0206_Sulayman_Pasha_Mosque.fasta,877,1,0.001140,1.140,47.40,6.0986
0207_Ruminghem.fasta,4497,1,0.000222,0.222,46.70,3.9024
0208_Adolphe_Sax.fasta,3871,0,0.000000,0.000,,
0209_1400.fasta,1164,0,0.000000,0.000,,
0210_Louis_Chiron.fasta,4953,2,0.000404,0.404,55.86,15.5189
0211_Diana_Lynn.fasta,1604,2,0.001247,1.247,53.86,5.2792
0212_Sex_linkage.fasta,4128,0,0.000000,0.000,,
0213_Martin_Mull.fasta,2106,0,0.000000,0.000,,
0214_John_II_Casimir_Vasa.fasta,3229,2,0.000619,0.619,47.89,9.1796
0215_Seema_actress_.fasta,3129,0,0.000000,0.000,,
0216_Nazim.fasta,3696,0,0.000000,0.000,,
0217_Willoughby_Gray.fasta,4063,1,0.000246,0.246,51.70,8.1864
0218_Noise_music_.fasta,3244,0,0.000000,0.000,,
0219_Altmarkkreis_Salzwedel_Rural_District.fasta,4740,0,0.000000,0.000,,
0220_Tua_Tagovailoa.fasta,1642,0,0.000000,0.000,,
0221_Conair_Firecat.fasta,3357,0,0.000000,0.000,,
0222_Usman_Khawaja.fasta,3170,1,0.000315,0.315,48.58,13.7210
0223_Mexican_Academy_of_Sciences.fasta,1654,0,0.000000,0.000,,
0224_Masala.fasta,4935,4,0.000811,0.811,47.87,11.5448
0225_Champa.fasta,3323,1,0.000301,0.301,56.57,11.3345
0226_Ren_Maheu.fasta,2333,1,0.000429,0.429,49.84,10.7903
0227_Rob_van_Mesdag.fasta,2188,0,0.000000,0.000,,
0228_Outer_Space_Treaty.fasta,4136,1,0.000242,0.242,58.54,8.7509
0229_Aislingen.fasta,4936,2,0.000405,0.405,49.68,5.7720
0230_Perrigny_Yonne.fasta,1208,0,0.000000,0.000,,
0231_Paul_Scoon.fasta,605,0,0.000000,0.000,,
0232_To_the_Moon_and_Back_Savage_Garden_song_.fasta,4677,0,0.000000,0.000,,
0233_Culoz-B_on.fasta,4301,0,0.000000,0.000,,
0234_West_Palm_Beach_Florida.fasta,4026,1,0.000248,0.248,54.89,4.1275
0235_Paul_Schrieber.fasta,1584,0,0.000000,0.000,,
0236_The_Jed_Foundation.fasta,3731,1,0.000268,0.268,59.01,10.8672
0237_Vandals.fasta,3817,0,0.000000,0.000,,
0238_La_Trancli_re.fasta,1403,1,0.000713,0.713,55.29,13.5026
0239_Bruce_Lee.fasta,1085,0,0.000000,0.000,,
0240_Vehicle_Assembly_Building.fasta,885,0,0.000000,0.000,,
0241_Send_Away_the_Tigers.fasta,3732,0,0.000000,0.000,,
0242_Egg_of_Columbus.fasta,1827,0,0.000000,0.000,,
0243_Stan_Musial.fasta,3624,0,0.000000,0.000,,
0244_Five_Good_Emperors.fasta,726,0,0.000000,0.000,,
0245_Sabbhineni_Meghana.fasta,4954,0,0.000000,0.000,,
0246_Dead_Ringers_movie_.fasta,440,0,0.000000,0.000,,
0247_Adolf_Windaus.fasta,4328,2,0.000462,0.462,47.69,12.0862
0248_Richard_Viguerie.fasta,3821,0,0.000000,0.000,,
0249_TeachTown.fasta,4483,0,0.000000,0.000,,
0250_First_inauguration_of_Thomas_Jefferson.fasta,1749,0,0.000000,0.000,,
0251_National_Day_of_the_People_s_Republic_of_China.fasta,4837,0,0.000000,0.000,,
0252_Yelnya.fasta,2424,1,0.000413,0.413,49.13,12.4633
0253_Rumpelstiltskin.fasta,3510,0,0.000000,0.000,,
0254_Jo_Stafford.fasta,3881,0,0.000000,0.000,,
0255_Colombiana.fasta,1781,1,0.000561,0.561,52.48,9.9088
0256_Possesse.fasta,870,0,0.000000,0.000,,
0257_Illinois_Treasurer.fasta,1320,0,0.000000,0.000,,
0258_Autonomous_consumption.fasta,4483,0,0.000000,0.000,,
0259_Edmund_Cartwright.fasta,325,0,0.000000,0.000,,
0260_Syrian_National_Army.fasta,1305,0,0.000000,0.000,,
0261_Mikhail_Nesterov.fasta,472,0,0.000000,0.000,,
0262_Surville_Calvados.fasta,4599,2,0.000435,0.435,49.59,6.0491
0263_Fox_NASCAR.fasta,1944,0,0.000000,0.000,,
0264_Man_in_the_iron_mask.fasta,2411,1,0.000415,0.415,50.17,9.7536
0265_Sapphire.fasta,501,0,0.000000,0.000,,
0266_Jan_Theelen.fasta,1264,0,0.000000,0.000,,
0267_DC_League_of_Super-Pets.fasta,2129,0,0.000000,0.000,,
0268_Jimmy_Two-Shoes.fasta,4890,0,0.000000,0.000,,
0269_Damage_deposit.fasta,560,0,0.000000,0.000,,
0270_Decatur_Wisconsin.fasta,3609,0,0.000000,0.000,,
0271_T._Colin_Campbell.fasta,2453,2,0.000815,0.815,50.77,4.6349
0272_Liv_Dommersnes.fasta,968,0,0.000000,0.000,,
0273_Gopinath_Munde.fasta,1868,0,0.000000,0.000,,
0274_Concord_Carlisle_High_School.fasta,1447,0,0.000000,0.000,,
0275_Ur_arbrunnr.fasta,4390,0,0.000000,0.000,,
0276_Verlans.fasta,323,0,0.000000,0.000,,
0277_34th_Street-Herald_Square.fasta,3566,0,0.000000,0.000,,
0278_Daniela_Hantuchov_.fasta,3486,0,0.000000,0.000,,
0279_Ignition_system.fasta,2141,0,0.000000,0.000,,
0280_Zhuxue_Deren.fasta,3285,0,0.000000,0.000,,
0281_Kill_Your_Darlings.fasta,3462,0,0.000000,0.000,,
0282_Magnosaurus.fasta,3360,0,0.000000,0.000,,
0283_Gitanjali_Rao_scientist_.fasta,2368,0,0.000000,0.000,,
0284_Gauss_unit_.fasta,2634,0,0.000000,0.000,,
0285_Port-de-Bouc.fasta,2055,0,0.000000,0.000,,
0286_World_peace.fasta,2724,0,0.000000,0.000,,
0287_Public_perception_of_mathematics.fasta,3757,0,0.000000,0.000,,
0288_Electoral_district_of_Enfield.fasta,1875,0,0.000000,0.000,,
0289_Pierre_Claude_Nolin.fasta,3200,0,0.000000,0.000,,
0290_St_Neot_Cornwall_.fasta,2067,0,0.000000,0.000,,
0291_Emperor_of_India.fasta,2386,0,0.000000,0.000,,
0292_Kelsey_Grammer.fasta,724,0,0.000000,0.000,,
0293_Jer_nimo_Carri_n.fasta,597,0,0.000000,0.000,,
0294_Hit_Man_movie_.fasta,1209,0,0.000000,0.000,,
0295_Dominic_LeBlanc.fasta,561,0,0.000000,0.000,,
0296_Battambang_Municipality.fasta,1665,0,0.000000,0.000,,
0297_Victorian_Socialists.fasta,2206,0,0.000000,0.000,,
0298_Instant_messaging.fasta,4248,0,0.000000,0.000,,
0299_The_Wishing_Tree_movie_.fasta,3877,2,0.000516,0.516,52.30,9.8262
0300_Lee_County_South_Carolina.fasta,333,0,0.000000,0.000,,
0301_Shaft.fasta,1843,0,0.000000,0.000,,
0302_Bi_Bi_Monajemeh_Nishaburi.fasta,2824,0,0.000000,0.000,,
0303_Side_project.fasta,1661,0,0.000000,0.000,,
0304_Yarkon_Cemetery.fasta,2856,0,0.000000,0.000,,
0305_Noakhali_language.fasta,3236,1,0.000309,0.309,50.87,4.3390
0306_Tirol-Choco.fasta,2529,1,0.000395,0.395,61.10,8.9317
0307_Helmut_Ruge.fasta,1220,0,0.000000,0.000,,
0308_Flag_of_Qatar.fasta,1173,1,0.000853,0.853,41.18,4.6902
0309_Apele_Vii.fasta,3737,0,0.000000,0.000,,
0310_Jonathan_Edwards.fasta,2409,0,0.000000,0.000,,
0311_Orihuela.fasta,3685,0,0.000000,0.000,,
0312_Walliswil_bei_Niederbipp.fasta,1679,0,0.000000,0.000,,
0313_Xavier_Amor_s_Sol_.fasta,682,0,0.000000,0.000,,
0314_Cuman_.fasta,3645,0,0.000000,0.000,,
0315_Lisa_Cameron.fasta,3315,1,0.000302,0.302,55.66,8.3470
0316_George_Cardenas.fasta,3679,1,0.000272,0.272,48.91,5.7505
0317_Mulhouse_Habsheim_Airport.fasta,1356,1,0.000737,0.737,49.52,12.5700
0318_Suzzanne_Douglas.fasta,651,1,0.001536,1.536,49.18,11.4772
0319_Tropical_cyclone_basins.fasta,2895,0,0.000000,0.000,,
0320_Jo_o_Evangelista_Martins_Terra.fasta,1431,0,0.000000,0.000,,
0321_Farges-Allichamps.fasta,2598,1,0.000385,0.385,47.01,14.7179
0322_Gagnef.fasta,1807,0,0.000000,0.000,,
0323_Havl_k_v_Brod.fasta,4301,0,0.000000,0.000,,
0324_Sakura_Wars_TV_series_.fasta,624,1,0.001603,1.603,49.13,12.4633
0325_Arrondissement_of_Altkirch.fasta,663,0,0.000000,0.000,,
0326_Jesus_of_Nazareth_TV_series_.fasta,1201,0,0.000000,0.000,,
0327_Death_and_state_funeral_of_Leonid_Brezhnev.fasta,1553,0,0.000000,0.000,,
0328_Narrative.fasta,4203,0,0.000000,0.000,,
0329_Neri_Oxman.fasta,1699,0,0.000000,0.000,,
0330_Many-plumed_moth.fasta,3662,0,0.000000,0.000,,
0331_Corinth.fasta,2750,0,0.000000,0.000,,
0332_Uveal_melanoma.fasta,819,0,0.000000,0.000,,
0333_Daneliya_Tuleshova.fasta,812,0,0.000000,0.000,,
0334_Takuya_Eguchi.fasta,2304,0,0.000000,0.000,,
0335_Natsumi_Hara.fasta,4854,0,0.000000,0.000,,
0336_Samuel_Helenius.fasta,2243,0,0.000000,0.000,,
0337_Fort_Washington_Maryland.fasta,3374,0,0.000000,0.000,,
0338_Z_Carlos_footballer_born_1962_.fasta,3865,0,0.000000,0.000,,
0339_Efogi_tree_frog.fasta,3550,2,0.000563,0.563,54.79,15.1504
0340_Ariyalur_district.fasta,4219,1,0.000237,0.237,50.48,10.9221
0341_Petr_Hapka.fasta,4067,0,0.000000,0.000,,
0342_WWE_SuperCard.fasta,1843,0,0.000000,0.000,,
0343_Colostethus_panamansis.fasta,3820,1,0.000262,0.262,53.09,12.3277
0344_John_Horton_Conway.fasta,2863,0,0.000000,0.000,,
0345_Colin_Jost.fasta,2184,0,0.000000,0.000,,
0346_Pirelli_calendar.fasta,3947,2,0.000507,0.507,51.07,9.0738
0347_Primos_TV_series_.fasta,1731,0,0.000000,0.000,,
0348_Rothbury.fasta,4324,0,0.000000,0.000,,
0349_John_Engler.fasta,637,0,0.000000,0.000,,
0350_Dancing_with_the_Stars_video_game_.fasta,1179,0,0.000000,0.000,,
0351_Johannes_Dieckmann.fasta,1834,0,0.000000,0.000,,
0352_Mladen_Mladenovi_.fasta,4513,4,0.000886,0.886,49.71,7.9928
0353_Bibi_Ferreira.fasta,2451,0,0.000000,0.000,,
0354_Sevenoaks_UK_Parliament_constituency_.fasta,2919,1,0.000343,0.343,49.34,10.3897
0355_Harry_Connick_Jr..fasta,3815,0,0.000000,0.000,,
0356_Saint-Marc-Jaumegarde.fasta,4881,1,0.000205,0.205,49.98,13.0078
0357_Trachycephalus_macrotis.fasta,4078,0,0.000000,0.000,,
0358_The_War_Within.fasta,316,0,0.000000,0.000,,
0359_Chungju.fasta,583,0,0.000000,0.000,,
0360_Regina_Saskatchewan.fasta,3681,0,0.000000,0.000,,
0361_Intestine.fasta,1744,0,0.000000,0.000,,
0362_Independence_Day_Bruce_Springsteen_song_.fasta,1880,0,0.000000,0.000,,
0363_Athletics_at_the_1900_Summer_Olympics_Men_s_5000_metres_team_race.fasta,2397,0,0.000000,0.000,,
0364_Nancy_Charest.fasta,2185,0,0.000000,0.000,,
0365_Evolutionary_psychology.fasta,707,0,0.000000,0.000,,
0366_Alfa_Romeo.fasta,1702,0,0.000000,0.000,,
0367_Kazunori_Iio.fasta,848,0,0.000000,0.000,,
0368_Lumpkin_California.fasta,1782,0,0.000000,0.000,,
0369_Market_capitalization.fasta,975,0,0.000000,0.000,,
0370_Meitei_people_in_Maharashtra.fasta,4346,0,0.000000,0.000,,
0371_Mohammed_Shami.fasta,1315,0,0.000000,0.000,,
0372_Hadizatou_Mani.fasta,2768,2,0.000723,0.723,54.16,11.4367
0373_Holborn_and_St_Pancras.fasta,3911,0,0.000000,0.000,,
0374_Solar_eclipse_of_August_21_2017.fasta,3835,3,0.000782,0.782,51.24,12.8406
0375_Kidnapped_movie_.fasta,4357,1,0.000230,0.230,57.55,13.3555
0376_Emanuel_County_Georgia.fasta,1251,0,0.000000,0.000,,
0377_The_Hoobs.fasta,932,0,0.000000,0.000,,
0378_Kitchen_maid.fasta,3229,0,0.000000,0.000,,
0379_Dogville.fasta,4399,2,0.000455,0.455,45.94,6.4466
0380_Federal_Hall.fasta,3208,1,0.000312,0.312,52.92,8.8891
0381_Danny_Elfman.fasta,2184,0,0.000000,0.000,,
0382_Selfridges.fasta,3924,1,0.000255,0.255,55.62,9.4334
0383_Crank_That_Soulja_Boy_.fasta,445,0,0.000000,0.000,,
0384_Betty_Azar.fasta,1065,0,0.000000,0.000,,
0385_Safa_Kabir.fasta,4898,1,0.000204,0.204,53.39,5.3856
0386_Uenuku.fasta,4987,0,0.000000,0.000,,
0387_Here_Comes_Mr._Jordan.fasta,1392,0,0.000000,0.000,,
0388_Satoru_Yamagishi.fasta,2773,1,0.000361,0.361,54.98,3.5405
0389_Pacific_County_Washington.fasta,558,0,0.000000,0.000,,
0390_Evil_Queen.fasta,1414,0,0.000000,0.000,,
0391_Leszek_Miller.fasta,3813,0,0.000000,0.000,,
0392_Gwendolyn_Midlo_Hall.fasta,2062,0,0.000000,0.000,,
0393_Mamamoo.fasta,2368,1,0.000422,0.422,58.65,8.7812
0394_Ameerega_rubriventris.fasta,1870,0,0.000000,0.000,,
0395_Major_Claus_Enevold_Paarss.fasta,1823,0,0.000000,0.000,,
0396_This_Used_to_Be_My_Playground.fasta,3223,2,0.000621,0.621,54.77,14.0691
0397_Renala_Khurd_Tehsil.fasta,3995,0,0.000000,0.000,,
0398_National_Party_of_Australia_SA_.fasta,3668,1,0.000273,0.273,54.99,7.8939
0399_Umerkot.fasta,4790,0,0.000000,0.000,,
0400_Coal_River_Canterbury_.fasta,4726,1,0.000212,0.212,52.76,7.6156
0401_Spanish_transition_to_democracy.fasta,1710,1,0.000585,0.585,46.06,10.2189
0402_Piotr_Bikont.fasta,580,0,0.000000,0.000,,
0403_Steeplechase_athletics_.fasta,3493,0,0.000000,0.000,,
0404_Warsaw_Chopin_Airport.fasta,4884,3,0.000614,0.614,49.68,10.8917
0405_The_Thrill_Is_Gone.fasta,4702,0,0.000000,0.000,,
0406_2010_AFC_U-16_Championship.fasta,4481,3,0.000669,0.669,49.65,9.3757
0407_1963_UEFA_European_Under-18_Championship.fasta,3740,3,0.000802,0.802,48.58,8.2928
0408_Nika_Rurua.fasta,3791,1,0.000264,0.264,61.42,4.5625
0409_Mapim_.fasta,407,0,0.000000,0.000,,
0410_The_Alchemist_novel_.fasta,2584,0,0.000000,0.000,,
0411_Eusebio_Leal.fasta,620,0,0.000000,0.000,,
0412_Allen_Tate.fasta,4892,1,0.000204,0.204,53.11,12.6927
0413_Colorado_Springs_Colorado.fasta,2327,0,0.000000,0.000,,
0414_Nino_Castelnuovo.fasta,2151,0,0.000000,0.000,,
0415_Jacques_N_Guea.fasta,2338,0,0.000000,0.000,,
0416_Japanese_Sign_Language.fasta,1892,0,0.000000,0.000,,
0417_Mellitic_anhydride.fasta,4884,3,0.000614,0.614,56.43,14.3980
0418_Rh_ne-Alpes.fasta,1491,0,0.000000,0.000,,
0419_Waterview_Tower.fasta,2942,1,0.000340,0.340,56.32,6.0187
0420_Adelphobates.fasta,1058,0,0.000000,0.000,,
0421_Cuba_Gooding_Sr..fasta,2065,0,0.000000,0.000,,
0422_Gaston_Defferre.fasta,314,0,0.000000,0.000,,
0423_Markt_Berolzheim.fasta,2589,1,0.000386,0.386,43.25,5.3453
0424_The_Place_Beyond_the_Pines.fasta,969,0,0.000000,0.000,,
0425_Robbie_Coltrane.fasta,1255,0,0.000000,0.000,,
0426_Northampton_railway_station.fasta,2397,0,0.000000,0.000,,
0427_Souligny.fasta,1078,0,0.000000,0.000,,
0428_Greifensee_Switzerland.fasta,3106,1,0.000322,0.322,56.10,8.6993
0429_Vance_Trimble.fasta,725,0,0.000000,0.000,,
0430_La_forza_del_destino.fasta,2952,0,0.000000,0.000,,
0431_Airport_terminal.fasta,1135,0,0.000000,0.000,,
0432_Karimganj_district.fasta,3131,0,0.000000,0.000,,
0433_Pierce_County_Georgia.fasta,1626,0,0.000000,0.000,,
0434_Gnathostomata.fasta,2361,0,0.000000,0.000,,
0435_Robin_Quivers.fasta,669,0,0.000000,0.000,,
0436_Middelburg.fasta,2134,2,0.000937,0.937,53.37,12.1047
0437_Lion_Airlines.fasta,4473,2,0.000447,0.447,60.05,6.0127
0438_DokiDoki_PreCure.fasta,3286,0,0.000000,0.000,,
0439_Amby_Fogarty.fasta,2636,2,0.000759,0.759,52.90,4.8802
0440_Flag_of_Porto_Alegre.fasta,3560,0,0.000000,0.000,,
0441_Independence_Day_Albania_.fasta,4204,2,0.000476,0.476,54.43,11.7456
0442_Khemisset.fasta,373,0,0.000000,0.000,,
0443_Taylor_E-2_Cub.fasta,4437,0,0.000000,0.000,,
0444_Lebanon_Indiana.fasta,3338,0,0.000000,0.000,,
0445_WWE_2K16.fasta,1202,1,0.000832,0.832,45.51,3.9832
0446_Mimicat.fasta,1653,0,0.000000,0.000,,
0447_Lebanon_Kansas.fasta,3935,1,0.000254,0.254,47.09,6.0912
0448_Marco_Rodr_guez.fasta,3709,4,0.001078,1.078,50.14,8.6272
0449_123_number_.fasta,3061,0,0.000000,0.000,,
0450_Sednoid.fasta,563,1,0.001776,1.776,51.05,9.9557
0451_Volta.fasta,3470,2,0.000576,0.576,47.88,9.6936
0452_Olle_H_ger.fasta,2356,2,0.000849,0.849,48.95,11.1575
0453_Back_to_Basics.fasta,4990,0,0.000000,0.000,,
0454_George_Zuverink.fasta,4814,4,0.000831,0.831,57.89,12.7252
0455_Tense_grammar_.fasta,962,0,0.000000,0.000,,
0456_Alings_s_Municipality.fasta,2816,0,0.000000,0.000,,
0457_Big_Brother_British_series_11_.fasta,428,0,0.000000,0.000,,
0458_Bart_Gunn.fasta,2845,0,0.000000,0.000,,
0459_Simon_van_der_Meer.fasta,2618,1,0.000382,0.382,46.42,12.9321
0460_Rust_Burgenland.fasta,1398,0,0.000000,0.000,,
0461_Sage_Stallone.fasta,4803,0,0.000000,0.000,,
0462_Marjorie_Pizer.fasta,3513,0,0.000000,0.000,,
0463_Kingsborough_Community_College.fasta,4555,1,0.000220,0.220,50.80,10.8952
0464_Verizon_Fios.fasta,3244,0,0.000000,0.000,,
0465_Toppesfield.fasta,4053,0,0.000000,0.000,,
0466_List_of_The_Asylum_movies.fasta,2271,2,0.000881,0.881,53.27,1.3319
0467_Alcopop.fasta,3234,0,0.000000,0.000,,
0468_Meral_Tasbas.fasta,3645,1,0.000274,0.274,49.56,9.7123
0469_Mutagen.fasta,939,0,0.000000,0.000,,
0470_Mae_Klong.fasta,3578,0,0.000000,0.000,,
0471_Abbas_Irshad.fasta,1307,1,0.000765,0.765,42.82,4.0346
0472_Savonlinna.fasta,2556,1,0.000391,0.391,51.50,7.9248
0473_Tiga_Abdul.fasta,3497,1,0.000286,0.286,58.84,5.2054
0474_Kharameh_County.fasta,2058,1,0.000486,0.486,47.74,6.9908
0475_La_Chaux_Cossonay_.fasta,3186,0,0.000000,0.000,,
0476_Crooks_South_Dakota.fasta,1811,0,0.000000,0.000,,
0477_Harlem.fasta,4466,0,0.000000,0.000,,
0478_Class_action.fasta,3098,0,0.000000,0.000,,
0479_Bergeforsen.fasta,2243,1,0.000446,0.446,50.33,13.3500
0480_Zorro.fasta,4431,1,0.000226,0.226,56.35,15.3135
0481_Daymark.fasta,3259,1,0.000307,0.307,56.26,15.3917
0482_Seamus_Mallon.fasta,1293,0,0.000000,0.000,,
0483_Interlingue.fasta,2498,0,0.000000,0.000,,
0484_Sedona_Arizona.fasta,3240,0,0.000000,0.000,,
0485_Akinwumi_Adesina.fasta,3753,0,0.000000,0.000,,
0486_Egon_Zimmermann.fasta,1125,0,0.000000,0.000,,
0487_Woodstock_99.fasta,4775,0,0.000000,0.000,,
0488_Common_sandpiper.fasta,303,0,0.000000,0.000,,
0489_Retz.fasta,4959,0,0.000000,0.000,,
0490_Maribel_Verd_.fasta,421,0,0.000000,0.000,,
0491_Sussex_New_Jersey.fasta,1022,1,0.000978,0.978,50.37,6.6128
0492_Piano_sonata.fasta,1800,0,0.000000,0.000,,
0493_Dirac_fermion.fasta,1724,0,0.000000,0.000,,
0494_JDSU.fasta,3544,0,0.000000,0.000,,
0495_Belle_of_the_Yukon.fasta,4090,0,0.000000,0.000,,
0496_Andrew_Wakefield.fasta,4264,0,0.000000,0.000,,
0497_Free_French_Forces.fasta,3689,0,0.000000,0.000,,
0498_List_of_Latin_phrases_A_.fasta,3544,0,0.000000,0.000,,
0499_Ned_Kelly_1970_movie_.fasta,1989,1,0.000503,0.503,44.11,10.6138
