file,orf_index,strand,frame,start_nt,end_nt,length_aa,start_codon,is_nonstandard_start,cai_percent,shannon_entropy,repeat_count,repeat_fraction
0001_Pawling_village_New_York.fasta,1,+,2,581,865,94,CTG,True,50.33,1.9650,78,0.2786
0004_Municipalities_of_Chihuahua.fasta,1,+,2,2126,2572,148,GTG,True,49.16,1.9159,212,0.4796
0004_Municipalities_of_Chihuahua.fasta,2,+,3,3045,3416,123,CTG,True,50.83,1.9499,136,0.3706
0004_Municipalities_of_Chihuahua.fasta,3,-,-1,1997,2359,120,TTG,True,57.15,1.9044,173,0.4832
0004_Municipalities_of_Chihuahua.fasta,4,+,1,1678,1992,104,GTG,True,54.64,1.9113,116,0.3742
0004_Municipalities_of_Chihuahua.fasta,5,+,1,2242,2496,84,GTG,True,54.39,1.9056,109,0.4360
0004_Municipalities_of_Chihuahua.fasta,6,+,3,402,650,82,GTG,True,43.38,1.8841,97,0.3975
0005_New_London_County_Connecticut.fasta,1,+,1,382,909,175,GTG,True,48.31,1.8623,295,0.5641
0005_New_London_County_Connecticut.fasta,2,+,2,194,637,147,ATG,False,47.26,1.9042,275,0.6264
0005_New_London_County_Connecticut.fasta,3,-,-1,586,855,89,CTG,True,54.63,1.7718,127,0.4792
0005_New_London_County_Connecticut.fasta,4,+,1,922,1173,83,GTG,True,46.63,1.9042,84,0.3401
0006_Ruja_Ignatova.fasta,1,-,-1,330,686,118,CTG,True,52.93,1.9298,142,0.4034
0006_Ruja_Ignatova.fasta,2,+,2,86,409,107,GTG,True,46.52,1.9140,192,0.6019
0006_Ruja_Ignatova.fasta,3,+,3,33,317,94,CTG,True,48.61,1.8891,142,0.5071
0006_Ruja_Ignatova.fasta,4,-,-2,8,274,88,CTG,True,51.44,1.9322,108,0.4122
0006_Ruja_Ignatova.fasta,5,-,-3,775,1026,83,CTG,True,55.74,1.8712,101,0.4089
0008_The_Viking_Queen.fasta,1,+,1,1534,1896,120,GTG,True,52.54,1.9059,172,0.4804
0008_The_Viking_Queen.fasta,2,+,2,509,784,91,CTG,True,53.72,1.9402,113,0.4170
0009_Child_poverty.fasta,1,+,2,1862,2161,99,GTG,True,56.67,1.9641,83,0.2814
0009_Child_poverty.fasta,2,+,3,2826,3092,88,GTG,True,51.82,1.9700,66,0.2519
0009_Child_poverty.fasta,3,-,-1,909,1157,82,GTG,True,48.32,1.9435,69,0.2828
0010_Marina_Mohnen.fasta,1,+,2,1142,1537,131,GTG,True,54.96,1.9528,205,0.5243
0010_Marina_Mohnen.fasta,2,+,2,2450,2701,83,GTG,True,48.54,1.9498,92,0.3725
0011_Baie-Comeau_Drakkar.fasta,1,+,1,1,264,87,CTG,True,52.88,1.9670,70,0.2703
0012_University_of_Nebraska_Press.fasta,1,+,3,270,521,83,GTG,True,52.61,1.9796,37,0.1498
0014_John_McColl_British_Army_officer_.fasta,1,+,2,629,904,91,CTG,True,48.90,1.9350,69,0.2546
0014_John_McColl_British_Army_officer_.fasta,2,+,1,430,684,84,GTG,True,59.02,1.9828,39,0.1560
0015_First_Ladyship_of_Laura_Bush.fasta,1,-,-2,263,667,134,GTG,True,46.60,1.9309,172,0.4300
0015_First_Ladyship_of_Laura_Bush.fasta,2,+,3,78,362,94,GTG,True,48.57,1.9163,88,0.3143
0015_First_Ladyship_of_Laura_Bush.fasta,3,+,3,402,680,92,GTG,True,53.26,1.9232,94,0.3431
0015_First_Ladyship_of_Laura_Bush.fasta,4,+,2,893,1138,81,CTG,True,47.31,1.9483,51,0.2116
0016_Meridian_arc.fasta,1,+,2,2234,2662,142,GTG,True,51.77,1.9027,204,0.4811
0016_Meridian_arc.fasta,2,+,2,533,844,103,ATG,False,50.19,1.9097,117,0.3811
0016_Meridian_arc.fasta,3,+,1,2002,2304,100,GTG,True,48.51,1.9280,112,0.3758
0016_Meridian_arc.fasta,4,+,1,3322,3624,100,GTG,True,47.23,1.9611,123,0.4128
0016_Meridian_arc.fasta,5,+,3,453,725,90,CTG,True,51.25,1.9187,94,0.3507
0017_James_Prescott_Joule.fasta,1,+,3,33,284,83,CTG,True,54.79,1.9575,72,0.2915
0018_Common_sage.fasta,1,+,3,654,941,95,GTG,True,48.55,1.9610,109,0.3852
0018_Common_sage.fasta,2,+,2,5,265,86,CTG,True,56.15,1.9704,71,0.2773
0019_List_of_Medal_of_Honor_recipients_for_the_Second_Battle_of_Fort_Fisher.fasta,1,-,-2,729,1034,101,CTG,True,50.81,1.9410,99,0.3289
0021_Acoustic_Kitty.fasta,1,+,2,626,1036,136,GTG,True,59.64,1.9468,132,0.3251
0021_Acoustic_Kitty.fasta,2,+,1,874,1164,96,GTG,True,48.87,1.9821,71,0.2483
0021_Acoustic_Kitty.fasta,3,-,-3,2410,2697,95,GTG,True,47.58,1.9512,60,0.2120
0021_Acoustic_Kitty.fasta,4,+,2,1778,2056,92,GTG,True,50.82,1.9403,95,0.3467
0021_Acoustic_Kitty.fasta,5,+,3,894,1172,92,TTG,True,51.67,1.9778,67,0.2445
0021_Acoustic_Kitty.fasta,6,-,-1,3963,4226,87,CTG,True,48.11,1.9289,72,0.2780
0021_Acoustic_Kitty.fasta,7,-,-1,1689,1946,85,CTG,True,55.50,1.9271,84,0.3320
0021_Acoustic_Kitty.fasta,8,-,-2,2093,2341,82,TTG,True,48.60,1.9559,65,0.2664
0022_Kristi_Yamaguchi.fasta,1,+,1,466,849,127,GTG,True,52.64,1.9384,129,0.3404
0023_National_Living_Wage.fasta,1,+,3,726,1046,106,GTG,True,50.81,1.9638,89,0.2816
0023_National_Living_Wage.fasta,2,+,2,266,532,88,GTG,True,47.97,1.9339,83,0.3168
0023_National_Living_Wage.fasta,3,+,2,3950,4204,84,GTG,True,55.48,1.9665,55,0.2200
0025_Gord_Fashoway.fasta,1,+,3,33,557,174,CTG,True,49.91,1.9562,249,0.4788
0025_Gord_Fashoway.fasta,2,+,1,994,1317,107,GTG,True,47.92,1.9751,102,0.3197
0025_Gord_Fashoway.fasta,3,+,2,3578,3892,104,GTG,True,46.70,1.9282,97,0.3129
0026_Kallithea.fasta,1,+,3,174,428,84,GTG,True,56.95,1.9822,54,0.2160
0026_Kallithea.fasta,2,+,3,2082,2333,83,GTG,True,50.80,1.9640,77,0.3117
0027_Scarface_rapper_.fasta,1,+,2,5,388,127,CTG,True,46.11,1.8927,186,0.4908
0027_Scarface_rapper_.fasta,2,+,1,3274,3633,119,GTG,True,45.68,1.9481,111,0.3127
0027_Scarface_rapper_.fasta,3,+,1,1342,1608,88,GTG,True,49.22,1.9516,127,0.4847
0027_Scarface_rapper_.fasta,4,+,1,2746,3012,88,GTG,True,49.22,1.9516,127,0.4847
0028_Vitrey-sur-Mance.fasta,1,-,-2,441,698,85,CTG,True,48.37,1.9421,90,0.3557
0030_Electoral_district_of_Eureka.fasta,1,+,1,142,516,124,GTG,True,46.37,1.9349,160,0.4324
0030_Electoral_district_of_Eureka.fasta,2,+,3,33,380,115,CTG,True,54.98,1.9411,152,0.4431
0030_Electoral_district_of_Eureka.fasta,3,+,1,1870,2154,94,GTG,True,50.97,1.9433,105,0.3750
0032_Stupa.fasta,1,+,1,814,1296,160,GTG,True,51.69,1.9120,267,0.5586
0032_Stupa.fasta,2,+,1,2362,2676,104,GTG,True,53.33,1.9469,126,0.4065
0032_Stupa.fasta,3,+,3,3081,3392,103,CTG,True,49.78,1.9543,121,0.3941
0032_Stupa.fasta,4,-,-1,1186,1461,91,GTG,True,50.07,1.8996,79,0.2915
0033_Car_battery.fasta,1,+,2,2474,2776,100,TTG,True,46.57,1.9171,117,0.3926
0033_Car_battery.fasta,2,-,-1,4073,4333,86,GTG,True,47.60,1.9530,91,0.3555
0033_Car_battery.fasta,3,+,3,3117,3374,85,CTG,True,52.44,1.9127,90,0.3557
0033_Car_battery.fasta,4,+,1,3430,3684,84,GTG,True,52.93,1.9277,64,0.2560
0033_Car_battery.fasta,5,+,1,3874,4128,84,GTG,True,47.94,1.9296,96,0.3840
0033_Car_battery.fasta,6,-,-3,3417,3665,82,TTG,True,53.39,1.9293,67,0.2746
0034_Imperial_Japanese_Armed_Forces.fasta,1,+,2,3182,3652,156,GTG,True,51.94,1.9260,180,0.3863
0034_Imperial_Japanese_Armed_Forces.fasta,2,-,-3,2533,2874,113,CTG,True,55.05,1.9289,94,0.2789
0034_Imperial_Japanese_Armed_Forces.fasta,3,+,1,2146,2436,96,TTG,True,49.28,1.9252,101,0.3531
0034_Imperial_Japanese_Armed_Forces.fasta,4,+,3,2733,2984,83,CTG,True,50.34,1.9264,67,0.2713
0035_Newport_County_A.F.C..fasta,1,+,1,250,564,104,GTG,True,51.69,1.9682,90,0.2903
0035_Newport_County_A.F.C..fasta,2,+,3,357,632,91,CTG,True,57.03,1.9682,57,0.2103
0037_Espeja_de_San_Marcelino.fasta,1,+,2,3350,3694,114,GTG,True,51.68,1.9483,115,0.3382
0037_Espeja_de_San_Marcelino.fasta,2,+,3,3666,4004,112,GTG,True,50.50,1.9530,114,0.3413
0037_Espeja_de_San_Marcelino.fasta,3,+,3,354,662,102,GTG,True,52.75,1.9205,88,0.2895
0037_Espeja_de_San_Marcelino.fasta,4,+,2,2582,2848,88,GTG,True,53.48,1.9467,54,0.2061
0037_Espeja_de_San_Marcelino.fasta,5,+,1,2278,2529,83,GTG,True,50.74,1.9618,45,0.1822
0038_Epsom_New_Zealand_electorate_.fasta,1,+,2,1010,1300,96,ATG,False,57.07,1.9274,111,0.3881
0038_Epsom_New_Zealand_electorate_.fasta,2,+,3,330,584,84,GTG,True,42.06,1.9554,82,0.3280
0039_Vr_ly.fasta,1,+,3,666,1076,136,GTG,True,52.16,1.8301,212,0.5222
0039_Vr_ly.fasta,2,+,2,5,400,131,CTG,True,53.06,1.9454,201,0.5141
0039_Vr_ly.fasta,3,+,3,225,572,115,CTG,True,49.14,1.9377,180,0.5248
0039_Vr_ly.fasta,4,+,1,406,660,84,GTG,True,52.12,1.9196,102,0.4080
0040_Paulo_Nagamura.fasta,1,+,2,1286,1576,96,GTG,True,42.79,1.8944,106,0.3706
0040_Paulo_Nagamura.fasta,2,+,1,853,1137,94,CTG,True,48.41,1.9179,80,0.2857
0040_Paulo_Nagamura.fasta,3,+,1,2473,2736,87,CTG,True,41.58,1.7240,154,0.5946
0040_Paulo_Nagamura.fasta,4,+,3,3729,3980,83,ATG,False,46.79,1.7064,137,0.5547
0041_1862.fasta,1,+,2,1754,2140,128,GTG,True,48.83,1.9235,171,0.4476
0042_Martin_Schulz.fasta,1,+,2,1862,2425,187,GTG,True,49.79,1.9542,237,0.4240
0042_Martin_Schulz.fasta,2,+,1,2245,2793,182,CTG,True,51.92,1.9701,286,0.5257
0042_Martin_Schulz.fasta,3,+,2,3221,3556,111,CTG,True,50.47,1.9770,150,0.4532
0042_Martin_Schulz.fasta,4,-,-1,3961,4278,105,TTG,True,44.90,1.9488,90,0.2875
0042_Martin_Schulz.fasta,5,+,3,1794,2105,103,GTG,True,52.53,1.9575,72,0.2345
0042_Martin_Schulz.fasta,6,+,2,4118,4396,92,TTG,True,47.06,1.9713,61,0.2226
0042_Martin_Schulz.fasta,7,+,1,733,1008,91,CTG,True,50.31,1.9527,76,0.2804
0042_Martin_Schulz.fasta,8,+,2,602,868,88,GTG,True,50.42,1.9428,116,0.4427
0042_Martin_Schulz.fasta,9,+,2,194,445,83,GTG,True,57.72,1.9551,92,0.3725
0043_Brovello-Carpugnino.fasta,1,+,1,3682,4089,135,GTG,True,50.95,1.9381,211,0.5236
0043_Brovello-Carpugnino.fasta,2,+,2,1046,1381,111,GTG,True,46.60,1.8917,166,0.5015
0043_Brovello-Carpugnino.fasta,3,-,-1,979,1233,84,TTG,True,54.00,1.9532,85,0.3400
0045_Kingman_Reef.fasta,1,+,1,682,1281,199,GTG,True,46.30,1.8318,360,0.6050
0045_Kingman_Reef.fasta,2,-,-1,45,434,129,CTG,True,55.26,1.7258,249,0.6468
0045_Kingman_Reef.fasta,3,-,-1,987,1325,112,GTG,True,54.09,1.9109,137,0.4102
0045_Kingman_Reef.fasta,4,+,2,530,829,99,GTG,True,45.51,1.8416,205,0.6949
0045_Kingman_Reef.fasta,5,-,-1,690,986,98,CTG,True,46.77,1.7281,175,0.5993
0045_Kingman_Reef.fasta,6,-,-2,1349,1636,95,ATG,False,56.64,1.8977,94,0.3322
0045_Kingman_Reef.fasta,7,+,1,3769,4053,94,CTG,True,47.78,1.9346,110,0.3929
0046_Bernhard_Lippert.fasta,1,+,1,1882,2244,120,GTG,True,52.90,1.9250,123,0.3436
0046_Bernhard_Lippert.fasta,2,+,2,458,724,88,GTG,True,49.43,1.9047,80,0.3053
0046_Bernhard_Lippert.fasta,3,-,-1,767,1021,84,GTG,True,52.16,1.9087,75,0.3000
0048_Ruud_Gullit.fasta,1,+,1,1330,1665,111,GTG,True,54.70,1.9387,112,0.3384
0048_Ruud_Gullit.fasta,2,+,2,566,892,108,GTG,True,52.99,1.9556,70,0.2174
0049_Wright_brothers.fasta,1,-,-2,3302,3721,139,GTG,True,46.25,1.9596,147,0.3542
0049_Wright_brothers.fasta,2,+,2,1358,1609,83,GTG,True,45.13,1.9188,128,0.5182
0049_Wright_brothers.fasta,3,-,-3,3037,3282,81,CTG,True,55.16,1.9405,54,0.2241
0050_Jacob_Batalon.fasta,1,-,-1,70,345,91,GTG,True,53.28,1.7671,166,0.6125
0050_Jacob_Batalon.fasta,2,+,2,3869,4141,90,CTG,True,52.55,1.9174,73,0.2724
0051_Julie_Nixon_Eisenhower.fasta,1,+,1,3493,3852,119,CTG,True,48.13,1.9304,147,0.4141
0051_Julie_Nixon_Eisenhower.fasta,2,+,1,1450,1740,96,GTG,True,47.62,1.9654,109,0.3811
0051_Julie_Nixon_Eisenhower.fasta,3,+,3,2754,3044,96,GTG,True,53.10,1.8961,96,0.3357
0051_Julie_Nixon_Eisenhower.fasta,4,-,-2,2523,2801,92,GTG,True,52.44,1.9690,46,0.1679
0051_Julie_Nixon_Eisenhower.fasta,5,+,2,3041,3316,91,CTG,True,51.88,1.9261,82,0.3026
0051_Julie_Nixon_Eisenhower.fasta,6,+,3,3153,3416,87,CTG,True,51.33,1.9369,56,0.2162
0051_Julie_Nixon_Eisenhower.fasta,7,+,1,3034,3288,84,ATG,False,53.31,1.9134,71,0.2840
0052_Yokohama_FC.fasta,1,+,3,210,548,112,GTG,True,51.94,1.9358,109,0.3263
0053_Kaiwaka.fasta,1,+,2,5,304,99,CTG,True,49.43,1.9452,71,0.2407
0054_Beaton_Tulk.fasta,1,+,3,1254,1628,124,GTG,True,51.03,1.9519,134,0.3622
0054_Beaton_Tulk.fasta,2,-,-3,865,1209,114,GTG,True,53.82,1.9392,172,0.5059
0054_Beaton_Tulk.fasta,3,-,-1,1095,1409,104,GTG,True,55.10,1.9216,132,0.4258
0054_Beaton_Tulk.fasta,4,+,2,986,1273,95,GTG,True,61.94,1.9311,117,0.4134
0054_Beaton_Tulk.fasta,5,-,-2,1112,1366,84,CTG,True,58.22,1.9257,90,0.3600
0054_Beaton_Tulk.fasta,6,-,-3,118,363,81,ATG,False,52.56,1.9429,64,0.2656
0055_Regalbuto.fasta,1,+,3,858,1112,84,GTG,True,48.13,1.9238,63,0.2520
0055_Regalbuto.fasta,2,+,2,797,1048,83,CTG,True,54.93,1.9324,53,0.2146
0056_Lule_.fasta,1,+,2,5,832,275,CTG,True,51.12,1.9516,485,0.5893
0056_Lule_.fasta,2,+,3,33,422,129,CTG,True,51.75,1.9382,181,0.4701
0057_Aignerville.fasta,1,+,2,5,481,158,CTG,True,50.43,1.9056,263,0.5572
0057_Aignerville.fasta,2,+,3,33,380,115,CTG,True,51.89,1.8307,205,0.5977
0057_Aignerville.fasta,3,+,3,1677,2012,111,CTG,True,52.79,1.9854,99,0.2991
0057_Aignerville.fasta,4,+,1,430,720,96,GTG,True,48.61,1.8995,119,0.4161
0057_Aignerville.fasta,5,+,2,614,874,86,GTG,True,47.91,1.8634,111,0.4336
0059_Albi.fasta,1,+,2,5,340,111,CTG,True,49.58,1.9483,152,0.4592
0059_Albi.fasta,2,+,3,33,350,105,CTG,True,49.91,1.9344,151,0.4824
0060_California_1947_film_.fasta,1,+,2,1145,1480,111,CTG,True,52.66,1.9609,72,0.2175
0061_Pedagogy.fasta,1,+,1,2410,2772,120,GTG,True,48.79,1.9154,144,0.4022
0061_Pedagogy.fasta,2,-,-3,1153,1434,93,CTG,True,55.58,1.9339,79,0.2852
0061_Pedagogy.fasta,3,+,3,1506,1754,82,TTG,True,54.95,1.9402,54,0.2213
0062_Mut.fasta,1,+,2,794,1069,91,GTG,True,46.71,1.9189,60,0.2214
0064_M1918_Browning_Automatic_Rifle.fasta,1,+,2,569,946,125,CTG,True,51.40,1.9421,80,0.2145
0065_Orbec.fasta,1,+,2,254,568,104,GTG,True,48.51,1.9196,153,0.4935
0065_Orbec.fasta,2,+,1,106,396,96,GTG,True,48.64,1.8890,148,0.5175
0067_Juan_Gim_nez.fasta,1,+,2,3206,3460,84,GTG,True,59.62,1.9366,62,0.2480
0068_Romeo.fasta,1,+,1,2710,3120,136,GTG,True,49.79,1.9556,161,0.3966
0069_West_Richland_Washington.fasta,1,+,2,350,1456,368,GTG,True,48.48,1.9347,724,0.6570
0069_West_Richland_Washington.fasta,2,+,3,3570,4025,151,GTG,True,44.71,1.8179,280,0.6208
0069_West_Richland_Washington.fasta,3,+,1,838,1230,130,GTG,True,55.63,1.9719,179,0.4613
0069_West_Richland_Washington.fasta,4,-,-1,3578,3970,130,CTG,True,50.79,1.7534,250,0.6443
0069_West_Richland_Washington.fasta,5,-,-2,718,1110,130,CTG,True,51.97,1.8639,235,0.6057
0069_West_Richland_Washington.fasta,6,+,1,4006,4353,115,GTG,True,48.22,1.9592,154,0.4490
0069_West_Richland_Washington.fasta,7,-,-3,2334,2654,106,CTG,True,54.77,1.8272,172,0.5443
0069_West_Richland_Washington.fasta,8,+,2,4169,4486,105,CTG,True,51.40,1.9466,143,0.4569
0069_West_Richland_Washington.fasta,9,+,3,2337,2645,102,CTG,True,49.69,1.8200,171,0.5625
0069_West_Richland_Washington.fasta,10,+,2,5,301,98,CTG,True,48.69,1.9214,117,0.4007
0069_West_Richland_Washington.fasta,11,+,2,4598,4876,92,GTG,True,49.81,1.9661,95,0.3467
0069_West_Richland_Washington.fasta,12,+,2,3317,3589,90,CTG,True,46.05,1.9474,110,0.4104
0069_West_Richland_Washington.fasta,13,+,1,466,726,86,GTG,True,49.48,1.8638,131,0.5117
0069_West_Richland_Washington.fasta,14,+,1,1453,1713,86,CTG,True,46.06,1.9712,74,0.2891
0069_West_Richland_Washington.fasta,15,+,1,1813,2070,85,CTG,True,52.32,1.9237,85,0.3360
0071_Mandeville_North.fasta,1,+,3,978,1289,103,GTG,True,52.64,1.9664,97,0.3160
0071_Mandeville_North.fasta,2,+,1,1222,1521,99,GTG,True,47.39,1.7544,197,0.6678
0072_Estonia_national_football_team.fasta,1,+,3,378,740,120,GTG,True,50.26,1.9762,109,0.3045
0072_Estonia_national_football_team.fasta,2,+,3,33,356,107,CTG,True,53.62,1.9383,158,0.4953
0072_Estonia_national_football_team.fasta,3,+,1,562,843,93,GTG,True,48.93,1.9727,76,0.2744
0072_Estonia_national_football_team.fasta,4,+,2,230,502,90,GTG,True,50.22,1.9868,66,0.2463
0072_Estonia_national_football_team.fasta,5,+,1,898,1149,83,GTG,True,48.03,1.9109,89,0.3603
0074_Eduardo_Laborde.fasta,1,+,3,1917,2180,87,ATG,False,51.46,1.9614,48,0.1853
0074_Eduardo_Laborde.fasta,2,+,1,3274,3528,84,GTG,True,50.35,1.9676,81,0.3240
0075_Michael_Rensing.fasta,1,+,1,109,444,111,CTG,True,53.62,1.8391,207,0.6254
0076_Daegu_International_Airport.fasta,1,+,1,754,1020,88,GTG,True,49.44,1.9198,97,0.3702
0077_Teck_Whye_LRT_Station.fasta,1,+,3,1554,1988,144,GTG,True,49.14,1.9576,146,0.3395
0077_Teck_Whye_LRT_Station.fasta,2,+,3,717,1112,131,ATG,False,52.12,1.9621,128,0.3274
0077_Teck_Whye_LRT_Station.fasta,3,-,-3,463,726,87,CTG,True,56.04,1.9411,59,0.2278
0078_Osman_Iran.fasta,1,+,1,130,465,111,GTG,True,47.26,1.9550,136,0.4109
0078_Osman_Iran.fasta,2,+,3,1386,1652,88,GTG,True,51.28,1.9574,44,0.1679
0079_CDG-2.fasta,1,+,3,33,341,102,CTG,True,55.30,1.9425,86,0.2829
0079_CDG-2.fasta,2,+,2,5,304,99,CTG,True,60.27,1.9443,83,0.2814
0080_Disguised_Toast.fasta,1,+,2,2714,3268,184,GTG,True,50.74,1.9717,283,0.5145
0080_Disguised_Toast.fasta,2,+,1,2170,2490,106,GTG,True,48.77,1.9320,144,0.4557
0080_Disguised_Toast.fasta,3,+,1,2506,2817,103,GTG,True,50.77,1.9807,115,0.3746
0080_Disguised_Toast.fasta,4,+,1,1846,2133,95,GTG,True,48.43,1.9332,111,0.3922
0080_Disguised_Toast.fasta,5,-,-3,1059,1346,95,CTG,True,52.64,1.8363,129,0.4558
0080_Disguised_Toast.fasta,6,+,3,2034,2312,92,GTG,True,47.98,1.9304,87,0.3175
0080_Disguised_Toast.fasta,7,+,3,114,377,87,GTG,True,43.86,1.7452,148,0.5714
0082_International_Tennis_Hall_of_Fame.fasta,1,+,2,2306,2641,111,GTG,True,52.19,1.9438,133,0.4018
0082_International_Tennis_Hall_of_Fame.fasta,2,-,-1,478,786,102,CTG,True,53.59,1.8409,208,0.6842
0082_International_Tennis_Hall_of_Fame.fasta,3,+,2,569,820,83,CTG,True,43.91,1.8949,130,0.5263
0084_Victorian.fasta,1,+,2,782,1192,136,GTG,True,47.75,1.9080,221,0.5443
0084_Victorian.fasta,2,+,1,3193,3585,130,CTG,True,52.30,1.9273,139,0.3582
0084_Victorian.fasta,3,+,3,1578,1937,119,GTG,True,45.83,1.9557,146,0.4113
0084_Victorian.fasta,4,+,1,2758,3066,102,GTG,True,45.03,1.9447,65,0.2138
0084_Victorian.fasta,5,+,3,261,548,95,CTG,True,47.20,1.9116,140,0.4947
0085_Agusan_del_Norte.fasta,1,+,2,5,253,82,CTG,True,50.36,1.8304,117,0.4795
0087_Democratic_Progressive_Party.fasta,1,+,2,2942,3328,128,GTG,True,56.44,1.9491,168,0.4398
0088_Paolo_Sala.fasta,1,+,3,33,341,102,CTG,True,46.33,1.8637,166,0.5461
0088_Paolo_Sala.fasta,2,+,1,922,1185,87,GTG,True,52.87,1.9387,114,0.4402
0089_IPhone_X.fasta,1,+,2,113,616,167,CTG,True,49.16,1.9612,212,0.4248
0089_IPhone_X.fasta,2,-,-3,1537,1842,101,CTG,True,55.21,1.9508,87,0.2890
0089_IPhone_X.fasta,3,+,3,1185,1478,97,CTG,True,49.25,1.9719,81,0.2803
0090_Anthony_Browne_author_.fasta,1,-,-1,289,582,97,CTG,True,53.01,1.9571,140,0.4844
0090_Anthony_Browne_author_.fasta,2,-,-3,437,718,93,CTG,True,59.37,1.9554,93,0.3357
0090_Anthony_Browne_author_.fasta,3,+,3,450,728,92,GTG,True,46.08,1.9386,90,0.3285
0091_Sensory_receptor.fasta,1,+,3,1602,1922,106,GTG,True,57.41,1.9450,117,0.3703
0092_Nestl_Bear_Brand.fasta,1,+,2,5,469,154,CTG,True,48.53,1.8995,229,0.4978
0092_Nestl_Bear_Brand.fasta,2,+,1,154,426,90,GTG,True,47.74,1.8573,110,0.4104
0093_National_Oceanic_and_Atmospheric_Administration.fasta,1,+,3,3270,3662,130,GTG,True,52.42,1.9112,133,0.3428
0093_National_Oceanic_and_Atmospheric_Administration.fasta,2,+,1,826,1182,118,GTG,True,54.18,1.8892,149,0.4233
0093_National_Oceanic_and_Atmospheric_Administration.fasta,3,+,3,738,1064,108,GTG,True,49.29,1.8691,122,0.3789
0093_National_Oceanic_and_Atmospheric_Administration.fasta,4,+,3,4014,4316,100,GTG,True,63.63,1.8807,143,0.4799
0093_National_Oceanic_and_Atmospheric_Administration.fasta,5,-,-2,4077,4361,94,GTG,True,47.71,1.8747,152,0.5429
0093_National_Oceanic_and_Atmospheric_Administration.fasta,6,+,3,1734,2012,92,GTG,True,54.39,1.9483,87,0.3175
0096_Limpach_Switzerland.fasta,1,-,-2,1891,2142,83,CTG,True,53.80,1.8370,105,0.4251
0096_Limpach_Switzerland.fasta,2,-,-1,2057,2305,82,GTG,True,49.31,1.7702,142,0.5820
0097_Doctor_Sivana.fasta,1,+,2,890,1234,114,GTG,True,51.43,1.9536,129,0.3794
0097_Doctor_Sivana.fasta,2,+,1,145,444,99,CTG,True,47.64,1.9462,86,0.2915
0097_Doctor_Sivana.fasta,3,+,3,1590,1862,90,GTG,True,43.45,1.9587,94,0.3507
0098_Pawe_Szymczak.fasta,1,-,-3,3222,3542,106,CTG,True,58.13,1.7964,192,0.6076
0098_Pawe_Szymczak.fasta,2,+,3,2469,2762,97,CTG,True,59.89,1.9298,60,0.2076
0098_Pawe_Szymczak.fasta,3,+,1,2062,2325,87,TTG,True,53.93,1.9634,54,0.2085
0099_Lars_S_ndergaard.fasta,1,-,-2,1286,1573,95,TTG,True,50.12,1.9535,56,0.1979
0100_Thomas_Gold.fasta,1,-,-3,703,1014,103,ATG,False,59.90,1.9341,88,0.2866
0100_Thomas_Gold.fasta,2,-,-1,690,953,87,TTG,True,52.84,1.9427,66,0.2548
0101_Spiderbait.fasta,1,+,2,962,1324,120,GTG,True,47.50,1.9395,171,0.4777
0101_Spiderbait.fasta,2,+,1,106,390,94,ATG,False,49.07,1.8001,155,0.5536
0101_Spiderbait.fasta,3,+,1,2521,2784,87,CTG,True,48.99,1.9043,85,0.3282
0101_Spiderbait.fasta,4,-,-1,2517,2777,86,GTG,True,48.61,1.9021,87,0.3398
0101_Spiderbait.fasta,5,+,3,1530,1784,84,TTG,True,52.06,1.9544,93,0.3720
0102_Harwich.fasta,1,+,1,3886,4137,83,GTG,True,43.70,1.8647,112,0.4534
0103_Impact_TV_series_.fasta,1,+,1,274,600,108,GTG,True,49.38,1.9406,112,0.3478
0105_The_Evening_Star.fasta,1,+,3,2673,3092,139,CTG,True,60.37,1.9223,235,0.5663
0105_The_Evening_Star.fasta,2,+,1,2137,2544,135,CTG,True,52.00,1.9280,130,0.3226
0105_The_Evening_Star.fasta,3,+,2,3185,3520,111,ATG,False,60.45,1.9237,90,0.2719
0105_The_Evening_Star.fasta,4,+,3,2349,2672,107,CTG,True,57.80,1.9387,161,0.5047
0105_The_Evening_Star.fasta,5,+,2,2090,2380,96,GTG,True,57.15,1.9583,55,0.1923
0105_The_Evening_Star.fasta,6,+,3,201,473,90,ATG,False,57.46,1.9386,81,0.3022
0105_The_Evening_Star.fasta,7,-,-3,3469,3714,81,CTG,True,54.38,1.9447,72,0.2988
0106_Beefalo.fasta,1,+,1,1321,1566,81,CTG,True,52.63,1.9133,66,0.2739
0107_Sch_ngeising.fasta,1,+,2,1418,1864,148,GTG,True,49.50,1.8618,224,0.5068
0107_Sch_ngeising.fasta,2,+,1,1222,1656,144,GTG,True,48.44,1.9503,191,0.4442
0107_Sch_ngeising.fasta,3,+,2,2171,2530,119,ATG,False,48.30,1.9429,149,0.4197
0107_Sch_ngeising.fasta,4,+,2,62,412,116,GTG,True,52.13,1.9718,132,0.3815
0107_Sch_ngeising.fasta,5,+,3,2505,2798,97,ATG,False,47.38,1.9854,146,0.5052
0107_Sch_ngeising.fasta,6,+,2,3374,3640,88,GTG,True,51.10,1.9479,59,0.2252
0107_Sch_ngeising.fasta,7,-,-1,1886,2149,87,GTG,True,57.83,1.8285,125,0.4826
0108_Andrew_Motion.fasta,1,+,2,713,961,82,ATG,False,47.40,1.9550,75,0.3074
0109_Atmospheric_optics.fasta,1,+,1,1078,1350,90,GTG,True,47.24,1.9686,78,0.2910
0110_Scottish_Premier_League.fasta,1,+,1,382,714,110,GTG,True,49.58,1.9545,125,0.3811
0110_Scottish_Premier_League.fasta,2,+,3,2034,2318,94,GTG,True,46.67,1.9189,113,0.4036
0110_Scottish_Premier_League.fasta,3,-,-1,1985,2245,86,TTG,True,47.76,1.9312,83,0.3242
0110_Scottish_Premier_League.fasta,4,-,-3,897,1142,81,CTG,True,55.03,1.9426,104,0.4315
0112_Villers-en-Argonne.fasta,1,+,2,3005,3502,165,ATG,False,53.63,1.9770,255,0.5172
0112_Villers-en-Argonne.fasta,2,-,-3,2673,3014,113,ATG,False,50.52,1.9141,96,0.2849
0112_Villers-en-Argonne.fasta,3,+,2,2141,2476,111,CTG,True,47.82,1.8566,118,0.3565
0112_Villers-en-Argonne.fasta,4,+,1,910,1224,104,GTG,True,53.33,1.9469,126,0.4065
0112_Villers-en-Argonne.fasta,5,+,3,1398,1688,96,GTG,True,56.53,1.9114,82,0.2867
0112_Villers-en-Argonne.fasta,6,+,2,1421,1696,91,CTG,True,57.01,1.9241,77,0.2841
0112_Villers-en-Argonne.fasta,7,+,1,2230,2496,88,GTG,True,57.95,1.8578,75,0.2863
0112_Villers-en-Argonne.fasta,8,-,-3,1365,1622,85,CTG,True,53.34,1.9283,63,0.2490
0113_Adikhalamani.fasta,1,-,-1,825,1079,84,ATG,False,49.28,1.9526,92,0.3680
0114_Grillby.fasta,1,+,2,722,1216,164,GTG,True,52.37,1.9568,268,0.5469
0114_Grillby.fasta,2,+,1,598,1050,150,GTG,True,52.88,1.9652,245,0.5469
0114_Grillby.fasta,3,+,1,1642,2064,140,GTG,True,50.79,1.9616,189,0.4522
0114_Grillby.fasta,4,+,3,33,368,111,CTG,True,53.77,1.9460,152,0.4592
0114_Grillby.fasta,5,+,3,1998,2264,88,GTG,True,49.11,1.9475,65,0.2481
0115_Voivres-l_s-le-Mans.fasta,1,+,1,865,1134,89,CTG,True,48.20,1.9180,50,0.1887
0115_Voivres-l_s-le-Mans.fasta,2,-,-3,1277,1522,81,CTG,True,50.94,1.9247,47,0.1950
0116_Sid_Ahmed_Ferroukhi.fasta,1,-,-2,81,326,81,ATG,False,59.20,1.9316,67,0.2780
0117_Deanston.fasta,1,-,-3,341,676,111,TTG,True,49.35,1.9397,118,0.3565
0117_Deanston.fasta,2,+,1,250,564,104,GTG,True,51.89,1.9476,125,0.4032
0118_Grant_County_Washington.fasta,1,+,1,118,600,160,GTG,True,53.24,1.9079,252,0.5272
0118_Grant_County_Washington.fasta,2,+,3,1086,1472,128,TTG,True,45.62,1.9071,120,0.3141
0118_Grant_County_Washington.fasta,3,+,3,1554,1844,96,GTG,True,53.60,1.9525,77,0.2692
0118_Grant_County_Washington.fasta,4,+,2,1526,1774,82,GTG,True,49.91,1.9311,66,0.2705
0119_Coatl_n_del_R_o.fasta,1,-,-2,941,1450,169,CTG,True,52.69,1.9657,207,0.4099
0119_Coatl_n_del_R_o.fasta,2,+,2,2693,3100,135,CTG,True,50.30,1.9668,125,0.3102
0119_Coatl_n_del_R_o.fasta,3,+,3,993,1298,101,CTG,True,53.09,1.9616,95,0.3156
0119_Coatl_n_del_R_o.fasta,4,-,-3,1045,1326,93,CTG,True,60.87,1.9554,89,0.3213
0119_Coatl_n_del_R_o.fasta,5,-,-2,2414,2686,90,TTG,True,48.82,1.9520,59,0.2201
0121_Redoute_s_Choice.fasta,1,+,3,1086,1496,136,GTG,True,51.96,1.9210,139,0.3424
0121_Redoute_s_Choice.fasta,2,-,-3,1437,1727,96,ATG,False,50.77,1.9614,77,0.2692
0121_Redoute_s_Choice.fasta,3,+,1,1177,1440,87,CTG,True,46.16,1.9068,83,0.3205
0121_Redoute_s_Choice.fasta,4,+,3,1518,1781,87,GTG,True,55.49,1.9482,75,0.2896
0124_Led_Zeppelin_III.fasta,1,+,2,2813,3421,202,CTG,True,53.92,1.9502,324,0.5364
0124_Led_Zeppelin_III.fasta,2,+,3,2130,2693,187,GTG,True,51.73,1.9256,259,0.4633
0124_Led_Zeppelin_III.fasta,3,+,3,69,380,103,CTG,True,51.16,1.9470,103,0.3355
0124_Led_Zeppelin_III.fasta,4,+,3,2778,3065,95,GTG,True,48.72,1.9573,78,0.2756
0124_Led_Zeppelin_III.fasta,5,+,3,3150,3404,84,GTG,True,56.19,1.9564,89,0.3560
0125_Rock_flour.fasta,1,+,2,1709,2128,139,ATG,False,54.80,1.9466,158,0.3807
0126_Maliyapham_Palcha.fasta,1,+,1,649,1236,195,CTG,True,55.91,1.9340,244,0.4185
0126_Maliyapham_Palcha.fasta,2,+,1,1594,1962,122,GTG,True,49.58,1.8901,112,0.3077
0126_Maliyapham_Palcha.fasta,3,-,-1,1614,1874,86,CTG,True,42.13,1.8944,78,0.3047
0127_The_Great_Race.fasta,1,-,-2,888,1154,88,CTG,True,43.44,1.9278,97,0.3702
0131_Pontey.fasta,1,+,3,33,485,150,CTG,True,54.30,1.9437,262,0.5848
0131_Pontey.fasta,2,+,1,406,825,139,TTG,True,48.88,1.9391,221,0.5325
0131_Pontey.fasta,3,+,2,338,700,120,GTG,True,54.89,1.9563,172,0.4804
0131_Pontey.fasta,4,-,-1,2629,2955,108,ATG,False,44.33,1.9806,126,0.3913
0131_Pontey.fasta,5,+,2,2699,2959,86,ATG,False,53.35,1.9787,77,0.3008
0133_Charlie_s_Angels.fasta,1,+,1,190,438,82,GTG,True,55.95,1.8903,95,0.3893
0135_Guizancourt.fasta,1,+,2,278,802,174,GTG,True,46.54,1.9483,281,0.5404
0135_Guizancourt.fasta,2,+,1,106,420,104,GTG,True,48.34,1.9169,162,0.5226
0135_Guizancourt.fasta,3,+,2,2201,2509,102,ATG,False,52.55,1.9696,124,0.4079
0135_Guizancourt.fasta,4,+,2,1898,2197,99,GTG,True,52.77,1.9607,113,0.3831
0135_Guizancourt.fasta,5,+,3,426,722,98,GTG,True,49.25,1.9348,119,0.4075
0135_Guizancourt.fasta,6,-,-3,1703,1999,98,ATG,False,51.68,1.8763,139,0.4760
0135_Guizancourt.fasta,7,+,3,33,314,93,CTG,True,47.73,1.9465,130,0.4693
0135_Guizancourt.fasta,8,-,-1,475,750,91,CTG,True,53.03,1.9084,122,0.4502
0135_Guizancourt.fasta,9,+,3,1917,2189,90,CTG,True,49.54,1.9517,106,0.3955
0135_Guizancourt.fasta,10,-,-2,1026,1298,90,CTG,True,58.50,1.8420,120,0.4478
0135_Guizancourt.fasta,11,+,1,1114,1380,88,GTG,True,44.64,1.7153,143,0.5458
0135_Guizancourt.fasta,12,+,1,2194,2460,88,GTG,True,51.23,1.9750,84,0.3206
0136_Kristianstad_County.fasta,1,+,2,110,376,88,GTG,True,56.51,1.9625,102,0.3893
0137_Sandy_Dennis.fasta,1,+,2,698,1006,102,GTG,True,48.24,1.9285,102,0.3355
0137_Sandy_Dennis.fasta,2,+,3,2145,2426,93,CTG,True,52.92,1.9534,103,0.3718
0137_Sandy_Dennis.fasta,3,+,1,2878,3156,92,GTG,True,53.30,1.9272,55,0.2007
0138_Anglo-Saxon_England.fasta,1,+,3,2370,2693,107,ATG,False,53.03,1.9172,128,0.4013
0138_Anglo-Saxon_England.fasta,2,+,2,341,598,85,ATG,False,46.84,1.9381,68,0.2688
0138_Anglo-Saxon_England.fasta,3,-,-3,189,434,81,CTG,True,54.05,1.9479,70,0.2905
0139_Ted_Cassidy.fasta,1,+,3,738,998,86,GTG,True,49.20,1.9706,69,0.2695
0139_Ted_Cassidy.fasta,2,+,1,1006,1254,82,GTG,True,54.72,1.9035,84,0.3443
0140_DougDoug.fasta,1,-,-2,85,438,117,CTG,True,53.30,1.8686,201,0.5759
0140_DougDoug.fasta,2,+,2,113,418,101,CTG,True,44.99,1.8331,192,0.6379
0140_DougDoug.fasta,3,+,2,1394,1696,100,GTG,True,44.91,1.9536,87,0.2919
0140_DougDoug.fasta,4,-,-2,514,801,95,GTG,True,54.73,1.8686,115,0.4064
0140_DougDoug.fasta,5,+,1,1561,1824,87,CTG,True,42.46,1.9300,76,0.2934
0143_Latvian_language.fasta,1,+,2,5,556,183,CTG,True,49.57,1.9403,296,0.5411
0143_Latvian_language.fasta,2,+,3,1194,1460,88,GTG,True,51.79,1.9189,104,0.3969
0143_Latvian_language.fasta,3,+,1,82,342,86,GTG,True,50.36,1.9261,114,0.4453
0143_Latvian_language.fasta,4,+,1,1126,1380,84,GTG,True,54.18,1.8496,99,0.3960
0147_Serres-Morla_s.fasta,1,+,3,294,656,120,GTG,True,51.15,1.9170,173,0.4832
0147_Serres-Morla_s.fasta,2,-,-2,2183,2530,115,CTG,True,54.28,1.8899,240,0.6997
0147_Serres-Morla_s.fasta,3,+,2,2030,2365,111,GTG,True,49.25,1.9765,137,0.4139
0147_Serres-Morla_s.fasta,4,-,-2,842,1114,90,CTG,True,55.49,1.9082,98,0.3657
0147_Serres-Morla_s.fasta,5,+,1,742,999,85,GTG,True,47.14,1.8358,119,0.4704
0147_Serres-Morla_s.fasta,6,-,-2,1535,1786,83,CTG,True,51.14,1.8196,120,0.4858
0148_Rory_Bushfield.fasta,1,+,3,462,764,100,GTG,True,50.10,1.9542,122,0.4094
0148_Rory_Bushfield.fasta,2,+,2,626,892,88,GTG,True,46.95,1.9790,80,0.3053
0149_Aston_Villa_F.C..fasta,1,-,-2,158,454,98,CTG,True,60.61,1.9629,116,0.3973
0150_Saho_people.fasta,1,+,2,257,721,154,CTG,True,53.25,1.9300,189,0.4109
0150_Saho_people.fasta,2,+,3,630,1088,152,GTG,True,47.38,1.9255,182,0.4009
0150_Saho_people.fasta,3,-,-3,635,1078,147,ATG,False,52.75,1.9223,179,0.4077
0150_Saho_people.fasta,4,+,3,3186,3596,136,GTG,True,49.48,1.9462,175,0.4310
0150_Saho_people.fasta,5,-,-3,3026,3361,111,GTG,True,57.39,1.9606,110,0.3323
0150_Saho_people.fasta,6,+,3,3630,3920,96,GTG,True,46.15,1.9326,102,0.3566
0150_Saho_people.fasta,7,+,2,1598,1861,87,GTG,True,45.12,1.9550,82,0.3166
0150_Saho_people.fasta,8,-,-3,1307,1564,85,ATG,False,54.39,1.9546,72,0.2846
0151_Four_Books_and_Five_Classics.fasta,1,+,1,2170,2544,124,GTG,True,55.90,1.9325,165,0.4459
0151_Four_Books_and_Five_Classics.fasta,2,+,2,1094,1366,90,GTG,True,44.07,1.9875,86,0.3209
0151_Four_Books_and_Five_Classics.fasta,3,+,2,1862,2128,88,GTG,True,47.65,1.9234,95,0.3626
0151_Four_Books_and_Five_Classics.fasta,4,+,3,1857,2120,87,CTG,True,51.16,1.9156,93,0.3591
0151_Four_Books_and_Five_Classics.fasta,5,+,2,2441,2689,82,CTG,True,50.53,1.9312,67,0.2746
0152_David_Koechner.fasta,1,+,2,1922,2236,104,GTG,True,50.11,1.9422,117,0.3774
0152_David_Koechner.fasta,2,+,2,86,388,100,GTG,True,49.00,1.9403,145,0.4866
0153_Howell_County_Missouri.fasta,1,-,-1,261,614,117,ATG,False,51.50,1.7463,200,0.5731
0153_Howell_County_Missouri.fasta,2,+,1,121,417,98,CTG,True,47.58,1.8149,157,0.5377
0154_Hammon_Oklahoma.fasta,1,+,2,5,1348,447,CTG,True,46.25,1.8639,1016,0.7588
0154_Hammon_Oklahoma.fasta,2,+,1,418,912,164,GTG,True,47.24,1.7835,350,0.7143
0154_Hammon_Oklahoma.fasta,3,-,-1,979,1335,118,CTG,True,55.04,1.7748,256,0.7273
0155_Adenomera_engelsi.fasta,1,+,3,2430,2708,92,GTG,True,59.65,1.9159,138,0.5036
0155_Adenomera_engelsi.fasta,2,+,2,1310,1585,91,GTG,True,51.50,1.9548,54,0.1993
0156_Oumar_Diakit_.fasta,1,+,3,4317,4700,127,CTG,True,48.68,1.9824,173,0.4565
0156_Oumar_Diakit_.fasta,2,+,2,1982,2320,112,GTG,True,43.19,1.9668,125,0.3743
0157_Jos_Salcedo.fasta,1,+,3,3858,4148,96,GTG,True,53.46,1.9500,74,0.2587
0157_Jos_Salcedo.fasta,2,-,-3,2189,2461,90,GTG,True,51.07,1.9176,76,0.2836
0157_Jos_Salcedo.fasta,3,+,1,982,1239,85,TTG,True,53.36,1.9665,51,0.2016
0157_Jos_Salcedo.fasta,4,+,2,2318,2572,84,GTG,True,56.01,1.9320,48,0.1920
0157_Jos_Salcedo.fasta,5,-,-2,2355,2609,84,GTG,True,57.03,1.9216,62,0.2480
0159_List_of_Yuva_Puraskar_winners_for_Meitei.fasta,1,+,2,638,1009,123,ATG,False,53.13,1.9570,93,0.2534
0159_List_of_Yuva_Puraskar_winners_for_Meitei.fasta,2,-,-3,1470,1754,94,CTG,True,54.13,1.9505,70,0.2500
0159_List_of_Yuva_Puraskar_winners_for_Meitei.fasta,3,+,1,418,669,83,GTG,True,54.12,1.9330,62,0.2510
0160_Ivan_VI_of_Russia.fasta,1,+,1,1186,1560,124,GTG,True,48.36,1.9572,156,0.4216
0160_Ivan_VI_of_Russia.fasta,2,+,1,1750,2073,107,GTG,True,48.25,1.9194,94,0.2947
0161_Aminpur.fasta,1,+,2,242,712,156,GTG,True,44.39,1.7732,320,0.6867
0161_Aminpur.fasta,2,-,-3,955,1326,123,CTG,True,49.09,1.6754,249,0.6785
0162_Saint-Martin-de-Crau.fasta,1,+,2,5,616,203,CTG,True,51.67,1.9518,342,0.5634
0162_Saint-Martin-de-Crau.fasta,2,+,1,745,1092,115,CTG,True,53.43,1.9370,119,0.3469
0162_Saint-Martin-de-Crau.fasta,3,-,-2,809,1069,86,TTG,True,51.45,1.9245,90,0.3516
0163_Table_salt.fasta,1,+,2,989,1546,185,CTG,True,48.84,1.9588,256,0.4629
0163_Table_salt.fasta,2,+,2,422,898,158,GTG,True,51.95,1.9598,198,0.4195
0163_Table_salt.fasta,3,+,3,2409,2813,134,CTG,True,49.43,1.9353,149,0.3725
0163_Table_salt.fasta,4,+,1,3310,3624,104,GTG,True,54.65,1.9230,109,0.3516
0163_Table_salt.fasta,5,+,3,3249,3542,97,ATG,False,53.64,1.9298,91,0.3149
0163_Table_salt.fasta,6,-,-2,2381,2674,97,CTG,True,53.27,1.9341,92,0.3183
0164_AMC_TV_channel_.fasta,1,+,2,2018,2386,122,GTG,True,45.65,1.9251,139,0.3819
0164_AMC_TV_channel_.fasta,2,+,1,1621,1944,107,CTG,True,55.17,1.9474,121,0.3793
0164_AMC_TV_channel_.fasta,3,+,1,970,1281,103,GTG,True,45.62,1.9489,65,0.2117
0164_AMC_TV_channel_.fasta,4,+,3,798,1100,100,GTG,True,50.44,1.9101,93,0.3121
0164_AMC_TV_channel_.fasta,5,+,2,5,301,98,CTG,True,52.54,1.9878,96,0.3288
0165_Diet_in_diabetes.fasta,1,+,3,1698,2060,120,GTG,True,48.51,1.9406,122,0.3408
0165_Diet_in_diabetes.fasta,2,+,2,1574,1846,90,GTG,True,52.50,1.9314,94,0.3507
0166_Lee_Dong-hae.fasta,1,-,-2,351,818,155,CTG,True,59.96,1.8279,299,0.6458
0166_Lee_Dong-hae.fasta,2,+,3,1701,1997,98,ATG,False,54.12,1.9593,49,0.1678
0166_Lee_Dong-hae.fasta,3,+,1,370,657,95,GTG,True,45.55,1.7731,191,0.6749
0166_Lee_Dong-hae.fasta,4,+,1,85,342,85,CTG,True,56.18,1.9320,60,0.2372
0169_Aopo.fasta,1,+,1,529,987,152,GTG,True,53.29,1.9275,171,0.3767
0169_Aopo.fasta,2,+,3,870,1232,120,TTG,True,47.08,1.9551,120,0.3352
0170_John_Abraham.fasta,1,+,3,78,332,84,GTG,True,47.91,1.7405,148,0.5920
0171_Imre_Nagy.fasta,1,+,3,210,596,128,GTG,True,48.73,1.9143,196,0.5131
0171_Imre_Nagy.fasta,2,-,-2,194,469,91,TTG,True,52.73,1.8706,149,0.5498
0174_Tales_from_the_Punchbowl.fasta,1,+,1,1549,1800,83,ATG,False,51.55,1.9264,94,0.3806
0175_Prime.fasta,1,-,-3,1215,1601,128,GTG,True,49.52,1.9193,152,0.3979
0175_Prime.fasta,2,+,3,873,1229,118,CTG,True,56.06,1.9496,155,0.4403
0175_Prime.fasta,3,+,1,1114,1440,108,GTG,True,49.73,1.8812,150,0.4658
0175_Prime.fasta,4,-,-2,3715,3999,94,TTG,True,48.39,1.8131,141,0.5036
0175_Prime.fasta,5,+,2,3785,4036,83,ATG,False,46.33,1.8150,120,0.4858
0177_Poland_in_the_Eurovision_Song_Contest.fasta,1,+,1,1357,1809,150,CTG,True,50.80,1.9669,126,0.2812
0177_Poland_in_the_Eurovision_Song_Contest.fasta,2,+,2,1226,1597,123,GTG,True,48.57,1.9650,90,0.2452
0177_Poland_in_the_Eurovision_Song_Contest.fasta,3,+,1,178,486,102,GTG,True,49.58,1.9638,76,0.2500
0178_Mitsuru_Nagata.fasta,1,+,3,1401,1664,87,CTG,True,49.74,1.9361,49,0.1892
0179_Close-mid_central_rounded_vowel.fasta,1,+,1,550,960,136,GTG,True,55.66,1.9276,144,0.3547
0179_Close-mid_central_rounded_vowel.fasta,2,+,3,2142,2438,98,GTG,True,51.97,1.9293,98,0.3356
0179_Close-mid_central_rounded_vowel.fasta,3,+,3,2562,2858,98,GTG,True,56.90,1.8977,85,0.2911
0179_Close-mid_central_rounded_vowel.fasta,4,+,2,881,1129,82,CTG,True,59.99,1.9820,39,0.1598
0179_Close-mid_central_rounded_vowel.fasta,5,+,2,1778,2026,82,GTG,True,46.90,1.9790,43,0.1762
0180_Rouess_-Fontaine.fasta,1,+,2,1949,2356,135,CTG,True,50.31,1.9507,158,0.3921
0180_Rouess_-Fontaine.fasta,2,+,1,853,1188,111,CTG,True,48.81,1.9044,81,0.2447
0180_Rouess_-Fontaine.fasta,3,+,2,1025,1357,110,CTG,True,59.01,1.9109,60,0.1829
0180_Rouess_-Fontaine.fasta,4,+,1,2434,2736,100,GTG,True,50.52,1.9657,104,0.3490
0182_Tussilago.fasta,1,+,3,510,860,116,GTG,True,47.28,1.9099,161,0.4653
0182_Tussilago.fasta,2,+,2,5,349,114,CTG,True,51.09,1.9602,94,0.2765
0184_Gerda_Weissmann_Klein.fasta,1,+,2,1025,1525,166,CTG,True,47.57,1.9498,214,0.4315
0185_Dieter_Burdenski.fasta,1,+,1,361,792,143,GTG,True,46.59,1.9401,139,0.3255
0185_Dieter_Burdenski.fasta,2,+,1,1777,2070,97,ATG,False,49.29,1.9892,104,0.3599
0185_Dieter_Burdenski.fasta,3,+,1,1138,1404,88,GTG,True,52.67,1.9476,52,0.1985
0185_Dieter_Burdenski.fasta,4,+,1,1462,1728,88,GTG,True,43.80,1.9691,122,0.4656
0186_Brody_Stevens.fasta,1,+,3,2166,2513,115,GTG,True,47.59,1.9405,146,0.4257
0186_Brody_Stevens.fasta,2,+,1,2005,2304,99,CTG,True,52.48,1.9412,105,0.3559
0188_Allen_Media_Group.fasta,1,+,2,1997,2368,123,CTG,True,52.14,1.9262,103,0.2807
0188_Allen_Media_Group.fasta,2,+,1,766,1098,110,GTG,True,55.94,1.9332,127,0.3872
0188_Allen_Media_Group.fasta,3,+,1,1174,1476,100,GTG,True,52.98,1.9516,90,0.3020
0188_Allen_Media_Group.fasta,4,+,2,134,430,98,GTG,True,58.06,1.8977,110,0.3767
0188_Allen_Media_Group.fasta,5,-,-1,1381,1674,97,CTG,True,50.57,1.9454,90,0.3114
0189_NHS_Wales.fasta,1,+,3,342,602,86,GTG,True,55.59,1.9313,80,0.3125
0190_Scissor_Sisters.fasta,1,+,2,5,265,86,CTG,True,48.06,1.9415,95,0.3711
0192_Milton-Freewater_Oregon.fasta,1,+,2,2774,3190,138,GTG,True,49.50,1.9436,185,0.4490
0194_TT_Games.fasta,1,+,3,1725,2156,143,CTG,True,51.40,1.9606,139,0.3255
0194_TT_Games.fasta,2,+,1,82,444,120,GTG,True,52.83,1.9406,117,0.3268
0194_TT_Games.fasta,3,-,-3,1389,1730,113,CTG,True,49.42,1.9774,97,0.2878
0194_TT_Games.fasta,4,+,2,3902,4216,104,GTG,True,50.11,1.9422,117,0.3774
0194_TT_Games.fasta,5,+,2,2066,2368,100,GTG,True,49.00,1.9403,145,0.4866
0194_TT_Games.fasta,6,-,-1,518,766,82,CTG,True,54.71,1.9556,57,0.2336
0195_Soulce.fasta,1,+,2,5,412,135,CTG,True,58.32,1.9608,193,0.4789
0195_Soulce.fasta,2,-,-1,97,390,97,TTG,True,50.86,1.9339,144,0.4983
0196_Abortion_in_Azerbaijan.fasta,1,+,3,3234,3560,108,GTG,True,52.67,1.9781,75,0.2329
0196_Abortion_in_Azerbaijan.fasta,2,+,3,3993,4262,89,CTG,True,58.40,1.9403,35,0.1321
0197_J._Y._Pillay.fasta,1,-,-3,754,1062,102,CTG,True,55.98,1.9488,104,0.3421
0197_J._Y._Pillay.fasta,2,+,1,1690,1968,92,GTG,True,52.82,1.8929,133,0.4854
0197_J._Y._Pillay.fasta,3,-,-1,183,437,84,TTG,True,58.10,1.8337,104,0.4160
0198_B_rschwil.fasta,1,-,-3,3408,3695,95,ATG,False,44.54,1.9249,134,0.4735
0199_Athletics_at_the_1896_Summer_Olympics_Men_s_100_metres.fasta,1,+,2,1562,1888,108,ATG,False,54.59,1.9630,117,0.3634
0199_Athletics_at_the_1896_Summer_Olympics_Men_s_100_metres.fasta,2,+,2,377,685,102,ATG,False,49.87,1.9710,64,0.2105
0199_Athletics_at_the_1896_Summer_Olympics_Men_s_100_metres.fasta,3,+,3,1230,1520,96,GTG,True,48.00,1.9748,91,0.3182
0199_Athletics_at_the_1896_Summer_Olympics_Men_s_100_metres.fasta,4,+,3,2130,2420,96,GTG,True,48.21,1.9584,55,0.1923
0199_Athletics_at_the_1896_Summer_Olympics_Men_s_100_metres.fasta,5,+,1,3442,3717,91,GTG,True,51.17,1.9424,87,0.3210
0200_Anne_Heche.fasta,1,+,3,1065,1346,93,CTG,True,54.39,1.9786,63,0.2274
0200_Anne_Heche.fasta,2,-,-3,1061,1333,90,GTG,True,49.65,1.9710,65,0.2425
0200_Anne_Heche.fasta,3,+,2,818,1075,85,GTG,True,59.78,1.9618,54,0.2134
0203_Legislative_Assembly_of_Manitoba.fasta,1,+,2,5,487,160,CTG,True,50.81,1.9552,242,0.5063
0203_Legislative_Assembly_of_Manitoba.fasta,2,+,1,286,594,102,GTG,True,50.23,1.9688,109,0.3586
0204__lex_Casademunt.fasta,1,+,3,3870,4235,121,GTG,True,60.86,1.9139,165,0.4571
0205_Solita_Salgado.fasta,1,+,3,798,1184,128,GTG,True,52.65,1.9543,164,0.4293
0205_Solita_Salgado.fasta,2,+,3,153,533,126,CTG,True,50.65,1.9375,185,0.4920
0205_Solita_Salgado.fasta,3,-,-2,3293,3658,121,CTG,True,47.38,1.9052,133,0.3684
0205_Solita_Salgado.fasta,4,-,-2,755,1093,112,GTG,True,55.12,1.9319,153,0.4581
0205_Solita_Salgado.fasta,5,-,-1,561,866,101,CTG,True,57.43,1.8543,141,0.4684
0205_Solita_Salgado.fasta,6,+,1,505,801,98,ATG,False,43.01,1.8648,136,0.4658
0205_Solita_Salgado.fasta,7,-,-3,13,300,95,ATG,False,53.21,1.9669,87,0.3074
0205_Solita_Salgado.fasta,8,-,-1,4314,4577,87,GTG,True,67.94,1.7112,111,0.4286
0206_Peter_Mogila.fasta,1,+,1,2278,2712,144,GTG,True,52.89,1.9120,190,0.4419
0206_Peter_Mogila.fasta,2,+,1,298,696,132,GTG,True,52.38,1.9462,132,0.3350
0206_Peter_Mogila.fasta,3,+,3,1917,2243,108,CTG,True,46.12,1.8987,110,0.3416
0206_Peter_Mogila.fasta,4,+,1,3454,3741,95,GTG,True,49.62,1.9274,72,0.2544
0206_Peter_Mogila.fasta,5,+,2,2318,2596,92,GTG,True,52.54,1.9051,112,0.4088
0206_Peter_Mogila.fasta,6,+,3,345,620,91,CTG,True,53.95,1.9302,83,0.3063
0207_Ricardo_Carvalho.fasta,1,-,-2,437,682,81,CTG,True,61.29,1.9249,63,0.2614
0208_Orkney_and_Shetland_UK_Parliament_constituency_.fasta,1,+,2,689,964,91,ATG,False,55.82,1.9792,64,0.2362
0209_Lamb_of_God.fasta,1,+,2,545,1276,243,ATG,False,43.52,1.8360,465,0.6396
0209_Lamb_of_God.fasta,2,-,-2,394,909,171,GTG,True,55.20,1.6142,347,0.6791
0209_Lamb_of_God.fasta,3,+,1,106,540,144,GTG,True,46.72,1.8635,265,0.6163
0209_Lamb_of_God.fasta,4,+,1,1165,1533,122,CTG,True,47.51,1.9691,149,0.4093
0209_Lamb_of_God.fasta,5,+,2,5,352,115,CTG,True,50.43,1.9078,171,0.4985
0209_Lamb_of_God.fasta,6,-,-1,89,358,89,CTG,True,55.14,1.8417,158,0.5962
0211_List_of_tallest_buildings_in_Macon_Georgia.fasta,1,+,3,42,314,90,GTG,True,51.22,1.9729,59,0.2201
0213_Belubula_River.fasta,1,+,2,5,532,175,CTG,True,46.56,1.9221,319,0.6099
0213_Belubula_River.fasta,2,+,2,986,1258,90,ATG,False,50.33,1.9334,57,0.2127
0214_Sergei_Eduardovich_Prikhodko.fasta,1,-,-3,1819,2082,87,ATG,False,49.93,1.9403,78,0.3012
0216_Jos_Gon_alves_Heleno.fasta,1,-,-2,1391,1642,83,CTG,True,50.82,1.9540,51,0.2065
0217_Ostr_da.fasta,1,-,-1,1979,2383,134,GTG,True,46.60,1.9309,172,0.4300
0217_Ostr_da.fasta,2,+,2,1334,1621,95,GTG,True,54.00,1.9415,47,0.1661
0217_Ostr_da.fasta,3,+,3,1794,2078,94,GTG,True,48.57,1.9163,88,0.3143
0217_Ostr_da.fasta,4,+,3,2118,2396,92,GTG,True,53.26,1.9232,94,0.3431
0217_Ostr_da.fasta,5,+,2,2609,2854,81,CTG,True,47.31,1.9483,51,0.2116
0221_Kyrgyz_people.fasta,1,+,2,1022,1273,83,GTG,True,53.28,1.9757,73,0.2955
0224_Zuidhorn.fasta,1,+,1,2314,2718,134,GTG,True,46.93,1.8014,228,0.5700
0224_Zuidhorn.fasta,2,-,-2,1995,2399,134,TTG,True,57.17,1.9581,182,0.4550
0224_Zuidhorn.fasta,3,+,3,2409,2768,119,CTG,True,46.74,1.8114,185,0.5211
0224_Zuidhorn.fasta,4,+,2,2246,2566,106,GTG,True,53.26,1.9329,155,0.4905
0224_Zuidhorn.fasta,5,+,2,4262,4540,92,TTG,True,47.10,1.8830,176,0.6423
0224_Zuidhorn.fasta,6,-,-2,2406,2681,91,TTG,True,55.92,1.7429,157,0.5793
0225_Betsy_Palmer.fasta,1,-,-1,2205,2501,98,GTG,True,49.91,1.9710,52,0.1781
0225_Betsy_Palmer.fasta,2,+,3,1662,1949,95,ATG,False,56.84,1.9469,112,0.3958
0226_New_Orleans.fasta,1,+,1,1822,2160,112,GTG,True,49.43,1.9777,134,0.4012
0226_New_Orleans.fasta,2,+,1,1513,1818,101,CTG,True,46.65,1.8965,121,0.4020
0226_New_Orleans.fasta,3,+,2,542,844,100,GTG,True,46.31,1.9589,147,0.4933
0226_New_Orleans.fasta,4,-,-1,249,521,90,GTG,True,52.52,1.9184,126,0.4701
0226_New_Orleans.fasta,5,+,2,5,274,89,CTG,True,50.78,1.8527,127,0.4792
0226_New_Orleans.fasta,6,+,2,1793,2044,83,ATG,False,50.52,1.9946,87,0.3522
0228_Lukas_Haas.fasta,1,+,2,317,637,106,ATG,False,45.88,1.9414,103,0.3259
0229_Vlad_the_Impaler.fasta,1,+,3,3426,3869,147,GTG,True,49.14,1.9403,161,0.3667
0229_Vlad_the_Impaler.fasta,2,+,1,1141,1497,118,CTG,True,54.12,1.9666,129,0.3665
0229_Vlad_the_Impaler.fasta,3,+,2,3257,3532,91,CTG,True,48.18,1.9553,98,0.3616
0229_Vlad_the_Impaler.fasta,4,+,2,2558,2824,88,GTG,True,55.36,1.9324,83,0.3168
0230_Shija_Laioibi.fasta,1,+,1,1,384,127,CTG,True,55.10,1.9356,148,0.3905
0230_Shija_Laioibi.fasta,2,+,3,1974,2357,127,GTG,True,57.94,1.9384,89,0.2348
0230_Shija_Laioibi.fasta,3,+,2,1913,2272,119,ATG,False,57.05,1.9597,93,0.2620
0230_Shija_Laioibi.fasta,4,+,3,189,545,118,CTG,True,52.35,1.8976,157,0.4460
0230_Shija_Laioibi.fasta,5,+,2,2969,3289,106,ATG,False,53.04,1.9734,84,0.2658
0230_Shija_Laioibi.fasta,6,+,1,3529,3816,95,ATG,False,53.45,1.9823,58,0.2049
0230_Shija_Laioibi.fasta,7,+,1,2713,2976,87,ATG,False,55.08,1.9759,46,0.1776
0230_Shija_Laioibi.fasta,8,+,1,1186,1446,86,GTG,True,49.08,1.9156,71,0.2773
0231_Sarcoma.fasta,1,-,-1,1157,1450,97,CTG,True,52.19,1.8251,179,0.6194
0232_Altenthann.fasta,1,+,3,1437,1868,143,CTG,True,50.31,1.9278,204,0.4778
0232_Altenthann.fasta,2,+,2,905,1288,127,CTG,True,50.05,1.8949,188,0.4960
0232_Altenthann.fasta,3,+,1,1570,1884,104,GTG,True,47.71,1.9568,110,0.3548
0233_Larry_Willoughby.fasta,1,+,2,4265,4576,103,CTG,True,51.01,1.9226,75,0.2443
0233_Larry_Willoughby.fasta,2,+,1,4117,4392,91,ATG,False,50.76,1.9458,74,0.2731
0233_Larry_Willoughby.fasta,3,-,-1,4385,4654,89,ATG,False,58.25,1.9272,58,0.2189
0236_2024_25_UEFA_Europa_League.fasta,1,+,1,3094,3402,102,GTG,True,51.43,1.9219,97,0.3191
0236_2024_25_UEFA_Europa_League.fasta,2,+,3,1797,2096,99,ATG,False,50.31,1.9295,119,0.4034
0236_2024_25_UEFA_Europa_League.fasta,3,+,3,3246,3530,94,GTG,True,51.17,1.8891,83,0.2964
0236_2024_25_UEFA_Europa_League.fasta,4,-,-3,193,471,92,GTG,True,49.06,1.9308,59,0.2153
0236_2024_25_UEFA_Europa_League.fasta,5,-,-3,2998,3258,86,CTG,True,53.79,1.9445,42,0.1641
0237_Barbara_Rush.fasta,1,+,1,505,849,114,ATG,False,43.49,1.8664,160,0.4706
0237_Barbara_Rush.fasta,2,+,1,3046,3324,92,GTG,True,50.43,1.9013,91,0.3321
0238_Esox.fasta,1,+,3,1209,1553,114,CTG,True,49.77,1.9526,135,0.3971
0239_Pamela_Reed.fasta,1,+,3,210,509,99,GTG,True,48.21,1.8839,129,0.4373
0239_Pamela_Reed.fasta,2,+,3,1014,1301,95,GTG,True,52.52,1.9418,98,0.3463
0241_Daria.fasta,1,+,3,1074,1757,227,GTG,True,46.18,1.9227,380,0.5596
0241_Daria.fasta,2,-,-1,1950,2270,106,CTG,True,48.31,1.9330,138,0.4367
0241_Daria.fasta,3,+,1,1441,1728,95,CTG,True,50.43,1.9403,91,0.3216
0241_Daria.fasta,4,-,-2,3041,3313,90,TTG,True,54.92,1.9133,55,0.2052
0242_Huaso.fasta,1,+,1,718,1014,98,GTG,True,52.62,1.9544,90,0.3082
0243_National_Constituent_Assembly_France_.fasta,1,+,2,2246,2653,135,GTG,True,50.41,1.9532,142,0.3524
0243_National_Constituent_Assembly_France_.fasta,2,+,3,1710,2021,103,GTG,True,49.82,1.9239,112,0.3648
0244_Youth_Shawn_Mendes_song_.fasta,1,+,2,2474,2992,172,GTG,True,49.55,1.9385,226,0.4397
0244_Youth_Shawn_Mendes_song_.fasta,2,+,3,450,872,140,GTG,True,49.82,1.9227,221,0.5287
0244_Youth_Shawn_Mendes_song_.fasta,3,+,3,1989,2384,131,CTG,True,48.64,1.9647,161,0.4118
0244_Youth_Shawn_Mendes_song_.fasta,4,-,-1,2317,2703,128,ATG,False,47.99,1.9566,161,0.4215
0244_Youth_Shawn_Mendes_song_.fasta,5,-,-2,3129,3431,100,ATG,False,49.29,1.9685,104,0.3490
0244_Youth_Shawn_Mendes_song_.fasta,6,-,-1,373,645,90,TTG,True,51.29,1.9450,102,0.3806
0244_Youth_Shawn_Mendes_song_.fasta,7,+,1,2113,2373,86,CTG,True,56.07,1.9764,73,0.2852
0245_Physical_abuse.fasta,1,+,2,5,328,107,CTG,True,61.90,1.8565,159,0.4984
0246_Lois_Hart.fasta,1,-,-1,641,970,109,CTG,True,53.47,1.9319,120,0.3692
0247_Chelsea_Lately.fasta,1,+,2,2558,3004,148,GTG,True,48.05,1.8919,213,0.4819
0247_Chelsea_Lately.fasta,2,-,-2,922,1302,126,CTG,True,49.86,1.9078,207,0.5505
0247_Chelsea_Lately.fasta,3,+,3,1341,1700,119,CTG,True,46.24,1.9477,91,0.2563
0247_Chelsea_Lately.fasta,4,+,2,830,1150,106,GTG,True,42.17,1.9038,146,0.4620
0247_Chelsea_Lately.fasta,5,+,1,3622,3924,100,GTG,True,53.43,1.9125,95,0.3188
0247_Chelsea_Lately.fasta,6,+,2,5,256,83,CTG,True,47.10,1.9554,80,0.3239
0248_Carlos_Westendorp.fasta,1,-,-1,1086,1346,86,ATG,False,57.01,1.9285,53,0.2070
0249_Blue_blanquillo.fasta,1,+,2,533,841,102,CTG,True,51.62,1.9523,109,0.3586
0249_Blue_blanquillo.fasta,2,-,-2,821,1066,81,CTG,True,53.96,1.9221,97,0.4025
0250_Alfred_Sant.fasta,1,+,1,262,552,96,TTG,True,54.18,1.9697,68,0.2378
0252_Super_League_Greece.fasta,1,+,2,254,724,156,GTG,True,57.05,1.9233,200,0.4292
0252_Super_League_Greece.fasta,2,+,3,330,608,92,GTG,True,47.20,1.9404,95,0.3467
0253_Ivo_Niederle.fasta,1,-,-2,2243,2578,111,ATG,False,49.40,1.8934,126,0.3807
0253_Ivo_Niederle.fasta,2,-,-3,3211,3546,111,ATG,False,49.40,1.8934,126,0.3807
0253_Ivo_Niederle.fasta,3,+,2,3254,3556,100,GTG,True,57.84,1.9158,99,0.3322
0253_Ivo_Niederle.fasta,4,+,3,2286,2588,100,GTG,True,57.84,1.9158,99,0.3322
0254_Werner_Gregoritsch.fasta,1,-,-3,118,369,83,GTG,True,46.76,1.9424,65,0.2632
0255_Aurel_Vainer.fasta,1,-,-1,715,999,94,CTG,True,57.21,1.9455,118,0.4214
0257_Peter_Carey_novelist_.fasta,1,+,3,522,782,86,GTG,True,49.61,1.9671,80,0.3125
0258_Cygnus_NG-19.fasta,1,+,2,1565,1861,98,CTG,True,46.96,1.9396,71,0.2432
0258_Cygnus_NG-19.fasta,2,-,-1,1513,1770,85,TTG,True,46.74,1.9364,61,0.2411
0258_Cygnus_NG-19.fasta,3,+,3,3294,3548,84,GTG,True,48.71,1.9329,45,0.1800
0259_1724.fasta,1,+,1,1057,1350,97,CTG,True,51.36,1.9281,82,0.2837
0259_1724.fasta,2,+,1,2518,2796,92,GTG,True,49.35,1.9536,59,0.2153
0259_1724.fasta,3,+,1,3502,3780,92,GTG,True,54.03,1.9667,72,0.2628
0259_1724.fasta,4,+,2,2693,2965,90,CTG,True,58.46,1.9568,79,0.2948
0259_1724.fasta,5,-,-3,155,427,90,CTG,True,56.01,1.9629,40,0.1493
0259_1724.fasta,6,+,3,594,860,88,GTG,True,52.58,1.9718,64,0.2443
0260_Angelo_Dundee.fasta,1,-,-2,1121,1387,88,TTG,True,49.31,1.9641,64,0.2443
0260_Angelo_Dundee.fasta,2,+,2,3062,3316,84,GTG,True,46.74,1.9518,99,0.3960
0261_Leopold_Danis.fasta,1,+,3,270,773,167,GTG,True,45.64,1.8821,274,0.5491
0261_Leopold_Danis.fasta,2,+,3,1398,1868,156,GTG,True,48.17,1.9586,241,0.5172
0261_Leopold_Danis.fasta,3,+,2,749,1084,111,ATG,False,47.91,1.9497,119,0.3595
0262_IP_Phone.fasta,1,+,2,605,1054,149,CTG,True,53.82,1.9306,166,0.3730
0262_IP_Phone.fasta,2,+,1,730,1098,122,GTG,True,48.49,1.9348,98,0.2692
0262_IP_Phone.fasta,3,-,-2,371,691,106,CTG,True,51.42,1.9825,102,0.3228
0262_IP_Phone.fasta,4,+,3,594,884,96,GTG,True,56.18,1.9537,68,0.2378
0263_E._Stanley_Jones.fasta,1,+,3,726,1157,143,GTG,True,52.39,1.9583,150,0.3513
0263_E._Stanley_Jones.fasta,2,+,1,2989,3402,137,CTG,True,54.07,1.9667,165,0.4034
0263_E._Stanley_Jones.fasta,3,-,-2,1237,1563,108,TTG,True,54.27,1.9658,114,0.3540
0263_E._Stanley_Jones.fasta,4,-,-3,546,854,102,CTG,True,62.62,1.9343,104,0.3421
0263_E._Stanley_Jones.fasta,5,-,-2,2257,2532,91,ATG,False,61.79,1.9799,67,0.2472
0263_E._Stanley_Jones.fasta,6,-,-3,3969,4241,90,GTG,True,64.02,1.9193,104,0.3881
0263_E._Stanley_Jones.fasta,7,+,3,3678,3938,86,GTG,True,55.72,1.9220,80,0.3125
0264_Castet-Arrouy.fasta,1,+,1,253,813,186,CTG,True,47.52,1.9553,267,0.4802
0264_Castet-Arrouy.fasta,2,+,3,33,428,131,CTG,True,48.31,1.9363,206,0.5269
0264_Castet-Arrouy.fasta,3,+,3,762,1052,96,GTG,True,52.03,1.9026,102,0.3566
0265_Klezmer.fasta,1,+,2,2006,2512,168,GTG,True,50.57,1.9376,252,0.5020
0265_Klezmer.fasta,2,-,-3,2604,2921,105,GTG,True,49.41,1.9277,81,0.2588
0265_Klezmer.fasta,3,+,3,2433,2732,99,CTG,True,54.89,1.9338,85,0.2881
0266_Fontvieille_Monaco.fasta,1,+,3,1122,1556,144,GTG,True,49.25,1.9577,214,0.4977
0266_Fontvieille_Monaco.fasta,2,+,2,1013,1405,130,ATG,False,52.53,1.9964,197,0.5077
0266_Fontvieille_Monaco.fasta,3,+,3,2241,2576,111,CTG,True,45.65,1.9447,140,0.4230
0266_Fontvieille_Monaco.fasta,4,+,1,2590,2916,108,GTG,True,48.71,1.7041,197,0.6118
0266_Fontvieille_Monaco.fasta,5,+,2,1925,2236,103,ATG,False,46.65,1.6492,200,0.6515
0266_Fontvieille_Monaco.fasta,6,+,3,294,572,92,GTG,True,49.77,1.8559,122,0.4453
0267_Armond_White.fasta,1,+,1,781,1320,179,CTG,True,49.09,1.9134,237,0.4430
0267_Armond_White.fasta,2,+,2,785,1132,115,CTG,True,51.09,1.8976,99,0.2886
0267_Armond_White.fasta,3,+,1,1642,1968,108,TTG,True,50.53,1.9443,69,0.2143
0267_Armond_White.fasta,4,-,-1,2789,3046,85,CTG,True,52.46,1.9523,70,0.2767
0268_Giuseppe_Savoldi.fasta,1,+,1,682,1041,119,GTG,True,45.46,1.9506,128,0.3606
0268_Giuseppe_Savoldi.fasta,2,-,-1,258,506,82,TTG,True,53.54,1.8807,81,0.3320
0269_Great_Purge.fasta,1,+,2,530,874,114,GTG,True,46.85,1.8997,118,0.3471
0269_Great_Purge.fasta,2,+,3,33,284,83,CTG,True,53.10,1.9612,53,0.2146
0269_Great_Purge.fasta,3,-,-3,1827,2075,82,ATG,False,52.86,1.9612,42,0.1721
0271_Dead_Kennedys.fasta,1,+,1,226,678,150,GTG,True,49.59,1.8836,231,0.5156
0271_Dead_Kennedys.fasta,2,-,-1,545,949,134,TTG,True,49.36,1.8744,193,0.4825
0271_Dead_Kennedys.fasta,3,-,-3,102,413,103,GTG,True,57.92,1.7800,186,0.6059
0271_Dead_Kennedys.fasta,4,-,-3,417,698,93,ATG,False,55.91,1.8995,76,0.2744
0271_Dead_Kennedys.fasta,5,+,3,942,1196,84,GTG,True,48.72,1.8022,113,0.4520
0271_Dead_Kennedys.fasta,6,+,2,5,250,81,CTG,True,50.99,1.9112,75,0.3112
0272_Butterfly_flower.fasta,1,+,2,602,1030,142,GTG,True,47.06,1.9659,171,0.4033
0273_Saint-Vaast-en-Auge.fasta,1,+,2,5,484,159,CTG,True,53.10,1.9046,253,0.5326
0273_Saint-Vaast-en-Auge.fasta,2,+,1,1063,1482,139,ATG,False,47.69,1.7516,241,0.5807
0273_Saint-Vaast-en-Auge.fasta,3,-,-3,3025,3438,137,CTG,True,54.47,1.9315,199,0.4866
0273_Saint-Vaast-en-Auge.fasta,4,+,3,33,443,136,CTG,True,48.22,1.8641,240,0.5911
0273_Saint-Vaast-en-Auge.fasta,5,+,1,3274,3600,108,GTG,True,55.02,1.9182,110,0.3416
0273_Saint-Vaast-en-Auge.fasta,6,+,1,2041,2361,106,ATG,False,49.07,1.9703,136,0.4304
0273_Saint-Vaast-en-Auge.fasta,7,+,2,4181,4486,101,CTG,True,57.09,1.9363,92,0.3056
0273_Saint-Vaast-en-Auge.fasta,8,-,-2,8,310,100,CTG,True,54.17,1.9309,120,0.4027
0273_Saint-Vaast-en-Auge.fasta,9,+,2,782,1063,93,GTG,True,47.44,1.9087,127,0.4585
0273_Saint-Vaast-en-Auge.fasta,10,-,-1,246,518,90,CTG,True,54.72,1.9106,112,0.4179
0273_Saint-Vaast-en-Auge.fasta,11,+,2,2033,2296,87,ATG,False,52.72,1.9723,84,0.3243
0274_Marbled_cat.fasta,1,+,3,750,1322,190,GTG,True,50.80,1.9519,310,0.5458
0274_Marbled_cat.fasta,2,+,1,3046,3369,107,GTG,True,52.22,1.9232,108,0.3386
0274_Marbled_cat.fasta,3,+,2,2657,2956,99,ATG,False,44.99,1.9781,74,0.2508
0274_Marbled_cat.fasta,4,-,-3,302,598,98,TTG,True,45.28,1.9478,72,0.2466
0275_Serhiy_Zhadan.fasta,1,-,-2,2434,2766,110,CTG,True,52.83,1.9253,96,0.2927
0275_Serhiy_Zhadan.fasta,2,-,-1,3005,3298,97,ATG,False,50.70,1.9327,81,0.2803
0275_Serhiy_Zhadan.fasta,3,+,1,490,780,96,GTG,True,52.69,1.9801,92,0.3217
0275_Serhiy_Zhadan.fasta,4,+,3,1650,1916,88,GTG,True,53.56,1.9568,88,0.3359
0277_J_rgen_M_llemann.fasta,1,+,2,638,892,84,GTG,True,49.88,1.9052,91,0.3640
0278_Valignat.fasta,1,+,1,4090,4542,150,GTG,True,51.20,1.9412,185,0.4129
0278_Valignat.fasta,2,+,3,33,371,112,CTG,True,52.14,1.9132,158,0.4731
0278_Valignat.fasta,3,+,2,1478,1813,111,GTG,True,47.77,1.9738,138,0.4169
0278_Valignat.fasta,4,+,3,1569,1874,101,CTG,True,50.55,1.9403,167,0.5548
0278_Valignat.fasta,5,+,3,1182,1478,98,GTG,True,51.78,1.9816,97,0.3322
0278_Valignat.fasta,6,-,-1,3945,4205,86,GTG,True,56.21,1.9273,75,0.2930
0278_Valignat.fasta,7,-,-1,987,1244,85,ATG,False,52.09,1.8196,114,0.4506
0278_Valignat.fasta,8,+,2,5,256,83,CTG,True,55.31,1.9178,96,0.3887
0279_Peterson_Zah.fasta,1,+,3,33,344,103,CTG,True,51.40,1.9480,65,0.2117
0280_Brunstatt.fasta,1,+,3,1626,1880,84,TTG,True,48.55,1.9599,73,0.2920
0281_Ge_with_upturn.fasta,1,-,-1,1513,1890,125,CTG,True,57.91,1.9315,129,0.3458
0281_Ge_with_upturn.fasta,2,-,-1,229,525,98,GTG,True,50.40,1.9454,66,0.2260
0281_Ge_with_upturn.fasta,3,+,3,1437,1712,91,CTG,True,54.50,1.9362,78,0.2878
0282_FC_Z_rich.fasta,1,+,3,393,752,119,CTG,True,53.85,1.9747,144,0.4056
0282_FC_Z_rich.fasta,2,-,-1,2706,2951,81,GTG,True,57.87,1.9543,83,0.3444
0283_Mahmoud_El_Nokrashy_Pasha.fasta,1,+,2,173,538,121,ATG,False,47.62,1.9620,131,0.3629
0283_Mahmoud_El_Nokrashy_Pasha.fasta,2,-,-2,187,453,88,ATG,False,48.24,1.9515,73,0.2786
0284_Yasuyuki_Iwasaki.fasta,1,+,3,78,428,116,GTG,True,53.49,1.9059,142,0.4104
0284_Yasuyuki_Iwasaki.fasta,2,+,1,169,513,114,CTG,True,47.60,1.9235,132,0.3882
0285_Nard_.fasta,1,+,3,270,596,108,GTG,True,49.81,1.9152,163,0.5062
0285_Nard_.fasta,2,+,3,918,1220,100,GTG,True,53.24,1.9245,101,0.3389
0285_Nard_.fasta,3,-,-1,191,442,83,CTG,True,54.74,1.9562,102,0.4130
0286_Ted_Berrigan.fasta,1,+,1,538,789,83,GTG,True,51.81,1.9053,142,0.5749
0287_Division_of_Clark.fasta,1,+,3,1449,1742,97,CTG,True,54.33,1.9510,79,0.2734
0288_Fumimaro_Konoe.fasta,1,+,1,286,633,115,GTG,True,49.40,1.9553,141,0.4111
0288_Fumimaro_Konoe.fasta,2,-,-3,2327,2650,107,ATG,False,52.68,1.9002,147,0.4608
0288_Fumimaro_Konoe.fasta,3,+,3,564,860,98,ATG,False,51.71,1.9457,113,0.3870
0288_Fumimaro_Konoe.fasta,4,+,2,1394,1684,96,GTG,True,42.67,1.9192,125,0.4371
0288_Fumimaro_Konoe.fasta,5,+,2,2774,3052,92,GTG,True,47.91,1.9628,93,0.3394
0288_Fumimaro_Konoe.fasta,6,+,2,638,904,88,GTG,True,48.42,1.9228,112,0.4275
0288_Fumimaro_Konoe.fasta,7,-,-2,1065,1331,88,ATG,False,57.75,1.8269,139,0.5305
0288_Fumimaro_Konoe.fasta,8,-,-1,2101,2358,85,TTG,True,53.04,1.8689,107,0.4229
0289_Tom_Daschle.fasta,1,+,2,2726,3112,128,GTG,True,52.74,1.9162,156,0.4084
0289_Tom_Daschle.fasta,2,+,1,466,840,124,GTG,True,53.34,1.9109,150,0.4054
0289_Tom_Daschle.fasta,3,+,3,1290,1664,124,GTG,True,38.43,1.9433,162,0.4378
0289_Tom_Daschle.fasta,4,+,2,98,388,96,GTG,True,52.73,1.8982,144,0.5035
0289_Tom_Daschle.fasta,5,+,3,33,317,94,CTG,True,54.47,1.9131,137,0.4893
0290_Calcaneus.fasta,1,+,2,5,370,121,CTG,True,50.56,1.9350,198,0.5485
0290_Calcaneus.fasta,2,+,3,942,1241,99,GTG,True,52.10,1.9537,89,0.3017
0290_Calcaneus.fasta,3,-,-1,174,461,95,GTG,True,54.63,1.9018,135,0.4770
0291_Yellow_golden_mole.fasta,1,+,3,45,341,98,CTG,True,55.69,1.9823,70,0.2397
0291_Yellow_golden_mole.fasta,2,+,2,2090,2338,82,GTG,True,45.41,1.9667,107,0.4385
0292_Seulgi_singer_.fasta,1,+,3,1266,1604,112,GTG,True,48.46,1.9557,127,0.3802
0294_Monotheism.fasta,1,+,1,898,1308,136,GTG,True,52.42,1.9257,194,0.4778
0294_Monotheism.fasta,2,+,1,130,489,119,GTG,True,48.18,1.9490,147,0.4141
0294_Monotheism.fasta,3,+,2,3221,3520,99,ATG,False,57.96,1.9643,80,0.2712
0294_Monotheism.fasta,4,+,3,666,938,90,GTG,True,52.60,1.9211,70,0.2612
0294_Monotheism.fasta,5,+,2,506,772,88,GTG,True,56.93,1.8922,131,0.5000
0294_Monotheism.fasta,6,-,-2,635,886,83,CTG,True,52.15,1.9161,75,0.3036
0295_Ilmajoki.fasta,1,+,1,25,360,111,ATG,False,57.52,1.9190,128,0.3867
0295_Ilmajoki.fasta,2,+,2,86,349,87,GTG,True,52.78,1.9057,83,0.3205
0297_Nazirpur_Day.fasta,1,+,1,3442,3972,176,GTG,True,54.78,1.9189,297,0.5646
0297_Nazirpur_Day.fasta,2,+,3,2130,2660,176,GTG,True,54.78,1.9189,297,0.5646
0297_Nazirpur_Day.fasta,3,-,-1,2315,2827,170,GTG,True,54.04,1.7705,423,0.8327
0297_Nazirpur_Day.fasta,4,-,-3,3627,4139,170,GTG,True,54.04,1.7705,423,0.8327
0297_Nazirpur_Day.fasta,5,+,1,1756,2160,134,ATG,False,54.61,1.9811,120,0.3000
0297_Nazirpur_Day.fasta,6,-,-2,154,534,126,CTG,True,56.38,1.9345,154,0.4096
0297_Nazirpur_Day.fasta,7,-,-3,1656,1982,108,CTG,True,55.84,1.9709,131,0.4068
0297_Nazirpur_Day.fasta,8,-,-3,441,737,98,GTG,True,50.71,1.9399,78,0.2671
0297_Nazirpur_Day.fasta,9,+,1,901,1176,91,CTG,True,54.06,1.9033,87,0.3210
0298_Rommerskirchen.fasta,1,+,1,1297,1638,113,ATG,False,51.65,1.9700,98,0.2908
0298_Rommerskirchen.fasta,2,+,2,554,880,108,GTG,True,52.56,1.9570,157,0.4876
0298_Rommerskirchen.fasta,3,+,2,62,352,96,GTG,True,55.12,1.8753,138,0.4825
0298_Rommerskirchen.fasta,4,+,3,1209,1493,94,CTG,True,50.88,1.9494,67,0.2393
0300_Archer_Iowa.fasta,1,+,3,729,1277,182,CTG,True,44.59,1.7732,399,0.7335
0300_Archer_Iowa.fasta,2,+,1,286,633,115,GTG,True,43.24,1.7590,208,0.6064
0300_Archer_Iowa.fasta,3,+,3,381,674,97,CTG,True,44.10,1.7719,156,0.5398
0300_Archer_Iowa.fasta,4,+,2,686,964,92,TTG,True,47.10,1.8830,176,0.6423
0300_Archer_Iowa.fasta,5,+,3,33,308,91,CTG,True,50.18,1.9513,101,0.3727
0303_Gakuya_Horii.fasta,1,+,1,1270,1632,120,GTG,True,47.50,1.9664,129,0.3603
0303_Gakuya_Horii.fasta,2,+,3,225,548,107,GTG,True,53.99,1.9424,82,0.2571
0306_Ferri_re-la-Grande.fasta,1,+,2,1721,2176,151,ATG,False,54.46,1.9468,140,0.3104
0306_Ferri_re-la-Grande.fasta,2,+,1,1822,2070,82,GTG,True,55.43,1.9402,59,0.2418
0307_Kosrae.fasta,1,+,2,3470,3793,107,GTG,True,58.37,1.9267,98,0.3072
0307_Kosrae.fasta,2,+,3,3558,3872,104,GTG,True,50.12,1.9405,105,0.3387
0307_Kosrae.fasta,3,+,3,3978,4280,100,GTG,True,51.18,1.9262,93,0.3121
0307_Kosrae.fasta,4,-,-1,2962,3234,90,TTG,True,49.68,1.9838,60,0.2239
0307_Kosrae.fasta,5,-,-1,1231,1479,82,TTG,True,47.50,1.9674,51,0.2090
0307_Kosrae.fasta,6,-,-1,3457,3702,81,CTG,True,52.13,1.9341,56,0.2324
0308_Raccoon_dog.fasta,1,+,2,449,898,149,CTG,True,50.09,1.9529,223,0.5011
0308_Raccoon_dog.fasta,2,-,-3,3190,3525,111,GTG,True,55.22,1.9105,123,0.3716
0308_Raccoon_dog.fasta,3,-,-2,2246,2518,90,CTG,True,54.52,1.9342,80,0.2985
0309_Machine_Gun_Kelly_musician_.fasta,1,+,1,1666,2097,143,GTG,True,41.60,1.9434,201,0.4707
0309_Machine_Gun_Kelly_musician_.fasta,2,+,1,1033,1398,121,CTG,True,49.31,1.9622,99,0.2742
0309_Machine_Gun_Kelly_musician_.fasta,3,+,3,78,404,108,GTG,True,46.50,1.8384,201,0.6242
0309_Machine_Gun_Kelly_musician_.fasta,4,+,3,690,938,82,GTG,True,46.24,1.8198,105,0.4303
0310_Prime_Minister_of_Afghanistan.fasta,1,+,2,530,958,142,GTG,True,44.63,1.9793,221,0.5212
0310_Prime_Minister_of_Afghanistan.fasta,2,+,2,1766,2122,118,TTG,True,48.49,1.9582,147,0.4176
0310_Prime_Minister_of_Afghanistan.fasta,3,+,3,2889,3221,110,CTG,True,44.61,1.6490,226,0.6890
0310_Prime_Minister_of_Afghanistan.fasta,4,+,2,3266,3592,108,GTG,True,47.48,1.8246,156,0.4845
0310_Prime_Minister_of_Afghanistan.fasta,5,+,2,2654,2977,107,GTG,True,44.01,1.5810,236,0.7398
0310_Prime_Minister_of_Afghanistan.fasta,6,+,1,1801,2112,103,CTG,True,50.76,1.9405,137,0.4463
0310_Prime_Minister_of_Afghanistan.fasta,7,-,-3,538,849,103,ATG,False,46.35,1.9854,140,0.4560
0310_Prime_Minister_of_Afghanistan.fasta,8,-,-2,1373,1654,93,ATG,False,46.76,1.9831,154,0.5560
0310_Prime_Minister_of_Afghanistan.fasta,9,+,2,242,517,91,GTG,True,44.94,1.8776,116,0.4280
0310_Prime_Minister_of_Afghanistan.fasta,10,-,-2,731,1006,91,ATG,False,47.20,1.9779,139,0.5129
0310_Prime_Minister_of_Afghanistan.fasta,11,-,-3,118,378,86,CTG,True,54.11,1.6175,158,0.6172
0310_Prime_Minister_of_Afghanistan.fasta,12,+,3,2022,2273,83,GTG,True,48.74,1.8812,108,0.4372
0310_Prime_Minister_of_Afghanistan.fasta,13,+,3,2610,2861,83,GTG,True,42.99,1.7029,152,0.6154
0310_Prime_Minister_of_Afghanistan.fasta,14,+,2,983,1228,81,GTG,True,51.68,1.9889,54,0.2241
0311_R_dvan_Bolatl_.fasta,1,+,2,1679,2065,128,ATG,False,46.83,1.9795,180,0.4712
0313_Diablo_II.fasta,1,+,1,3073,3564,163,CTG,True,43.12,1.9351,250,0.5133
0314_Haucourt.fasta,1,+,1,2038,2424,128,GTG,True,51.74,1.9665,130,0.3403
0314_Haucourt.fasta,2,+,2,1526,1840,104,GTG,True,48.79,1.8954,143,0.4613
0314_Haucourt.fasta,3,+,3,654,968,104,GTG,True,50.90,1.8991,147,0.4742
0314_Haucourt.fasta,4,-,-1,1570,1821,83,GTG,True,58.34,1.8420,126,0.5101
0315_T_g_Heihachir_.fasta,1,+,1,334,708,124,GTG,True,55.67,1.9054,128,0.3459
0317_Whip_antenna.fasta,1,+,2,230,580,116,GTG,True,56.08,1.9319,134,0.3873
0317_Whip_antenna.fasta,2,+,3,894,1178,94,GTG,True,50.17,1.9218,91,0.3250
0317_Whip_antenna.fasta,3,+,1,478,732,84,GTG,True,47.48,1.9382,81,0.3240
0319_London_Buses_route_30.fasta,1,+,1,82,357,91,GTG,True,51.19,1.9147,92,0.3395
0320_Marie_milie_de_Joly_de_Choin.fasta,1,-,-1,407,877,156,GTG,True,54.72,1.9377,224,0.4807
0320_Marie_milie_de_Joly_de_Choin.fasta,2,+,2,194,505,103,GTG,True,49.57,1.9004,148,0.4821
0321_Bad_Rodach.fasta,1,+,2,62,436,124,GTG,True,51.08,1.9649,132,0.3568
0321_Bad_Rodach.fasta,2,+,3,786,1076,96,GTG,True,55.40,1.9448,88,0.3077
0322_Soliloquy.fasta,1,+,2,5,262,85,CTG,True,53.92,1.9524,86,0.3399
0323_Salem_Fulton_County_Arkansas.fasta,1,+,1,298,960,220,GTG,True,49.51,1.8901,374,0.5684
0323_Salem_Fulton_County_Arkansas.fasta,2,+,2,242,550,102,GTG,True,51.86,1.9239,147,0.4836
0323_Salem_Fulton_County_Arkansas.fasta,3,-,-3,78,383,101,TTG,True,54.33,1.9250,131,0.4352
0323_Salem_Fulton_County_Arkansas.fasta,4,-,-3,390,650,86,CTG,True,57.47,1.7154,155,0.6055
0323_Salem_Fulton_County_Arkansas.fasta,5,+,3,393,641,82,CTG,True,46.04,1.6970,155,0.6352
0325_Equilibrium_constant.fasta,1,+,1,2122,2448,108,GTG,True,51.84,1.9229,141,0.4379
0325_Equilibrium_constant.fasta,2,+,2,1226,1537,103,GTG,True,53.24,1.9235,126,0.4104
0325_Equilibrium_constant.fasta,3,+,1,802,1092,96,GTG,True,50.30,1.9422,84,0.2937
0326_Saint-Jean-sur-Reyssouze.fasta,1,+,3,786,1292,168,GTG,True,51.44,1.9434,188,0.3745
0326_Saint-Jean-sur-Reyssouze.fasta,2,+,2,266,577,103,GTG,True,54.34,1.9250,91,0.2964
0327_Myctophum_indicum.fasta,1,+,3,2622,2933,103,GTG,True,47.20,1.9323,98,0.3192
0327_Myctophum_indicum.fasta,2,+,2,1829,2077,82,CTG,True,56.43,1.9306,51,0.2090
0328_Shohreh_Aghdashloo.fasta,1,+,3,78,452,124,GTG,True,44.40,1.8506,219,0.5919
0330_Love_Pain_the_Whole_Crazy_Thing.fasta,1,+,3,3030,3317,95,GTG,True,57.00,1.9047,124,0.4382
0330_Love_Pain_the_Whole_Crazy_Thing.fasta,2,+,3,858,1136,92,GTG,True,50.38,1.9653,120,0.4380
0330_Love_Pain_the_Whole_Crazy_Thing.fasta,3,+,1,1,264,87,CTG,True,55.43,1.9629,52,0.2008
0333_Martha_Erika_Alonso_Hidalgo.fasta,1,+,1,541,960,139,CTG,True,47.35,1.9445,184,0.4434
0333_Martha_Erika_Alonso_Hidalgo.fasta,2,+,2,1190,1516,108,GTG,True,44.38,1.9489,115,0.3571
0333_Martha_Erika_Alonso_Hidalgo.fasta,3,+,3,33,341,102,CTG,True,47.92,1.9288,108,0.3553
0334_Princess_Elizabeth_Land.fasta,1,+,1,2170,2553,127,GTG,True,59.62,1.9301,123,0.3245
0334_Princess_Elizabeth_Land.fasta,2,-,-1,3095,3349,84,TTG,True,46.82,1.9418,49,0.1960
0334_Princess_Elizabeth_Land.fasta,3,+,2,2498,2746,82,GTG,True,53.74,1.8983,40,0.1639
0335_Banthelu.fasta,1,+,2,5,625,206,CTG,True,50.09,1.9256,375,0.6088
0335_Banthelu.fasta,2,+,2,1478,1912,144,GTG,True,49.29,1.8071,235,0.5465
0335_Banthelu.fasta,3,+,1,1174,1548,124,GTG,True,51.10,1.9152,196,0.5297
0335_Banthelu.fasta,4,+,3,1098,1412,104,GTG,True,49.81,1.9338,151,0.4871
0335_Banthelu.fasta,5,+,1,106,408,100,GTG,True,49.00,1.8928,152,0.5101
0335_Banthelu.fasta,6,+,3,414,704,96,GTG,True,52.06,1.9100,90,0.3147
0335_Banthelu.fasta,7,-,-3,3549,3830,93,CTG,True,50.47,1.9406,108,0.3899
0335_Banthelu.fasta,8,+,3,33,302,89,CTG,True,49.20,1.9265,122,0.4604
0335_Banthelu.fasta,9,-,-1,1823,2086,87,ATG,False,55.57,1.7732,139,0.5367
0335_Banthelu.fasta,10,+,3,1497,1748,83,CTG,True,47.75,1.8104,112,0.4534
0335_Banthelu.fasta,11,+,3,2130,2381,83,GTG,True,43.43,1.8057,106,0.4291
0336_Willem_Barents.fasta,1,-,-2,2568,2909,113,GTG,True,50.72,1.9377,77,0.2285
0336_Willem_Barents.fasta,2,-,-1,2359,2658,99,CTG,True,57.10,1.9343,83,0.2814
0336_Willem_Barents.fasta,3,+,3,1494,1790,98,ATG,False,50.30,1.9338,77,0.2637
0336_Willem_Barents.fasta,4,+,3,750,1001,83,GTG,True,53.60,1.9106,56,0.2267
0336_Willem_Barents.fasta,5,+,2,842,1090,82,GTG,True,45.43,1.9423,57,0.2336
0337_Moral_purchasing.fasta,1,+,2,845,1156,103,CTG,True,49.61,1.9400,112,0.3648
0339_Personal_stylist.fasta,1,+,3,561,818,85,CTG,True,46.19,1.9717,91,0.3597
0340_Rexhep_Meidani.fasta,1,+,3,858,1457,199,GTG,True,44.83,1.8602,350,0.5882
0340_Rexhep_Meidani.fasta,2,+,3,2502,2984,160,GTG,True,46.57,1.9057,250,0.5230
0340_Rexhep_Meidani.fasta,3,+,2,698,1045,115,GTG,True,54.71,1.9542,134,0.3907
0340_Rexhep_Meidani.fasta,4,-,-2,475,747,90,CTG,True,50.70,1.9575,74,0.2761
0340_Rexhep_Meidani.fasta,5,-,-2,1189,1446,85,ATG,False,50.28,1.9054,81,0.3202
0340_Rexhep_Meidani.fasta,6,+,2,2426,2674,82,GTG,True,54.45,1.9708,89,0.3648
0341_Castellar_de_n_Hug.fasta,1,+,2,5,385,126,CTG,True,47.62,1.8875,188,0.5000
0341_Castellar_de_n_Hug.fasta,2,+,2,422,766,114,GTG,True,49.95,1.9589,130,0.3824
0341_Castellar_de_n_Hug.fasta,3,+,3,825,1145,106,CTG,True,48.23,1.8186,190,0.6013
0342_StoryBots_Super_Songs.fasta,1,-,-2,209,475,88,TTG,True,50.73,1.9303,96,0.3664
0343_Paul_Shaffer.fasta,1,+,1,898,1461,187,GTG,True,48.16,1.9374,253,0.4526
0343_Paul_Shaffer.fasta,2,+,2,998,1285,95,GTG,True,49.98,1.9438,91,0.3216
0343_Paul_Shaffer.fasta,3,+,2,1877,2158,93,ATG,False,51.71,1.9673,58,0.2094
0344_Pitman_New_Jersey.fasta,1,+,2,1814,2152,112,GTG,True,48.82,1.9638,89,0.2665
0344_Pitman_New_Jersey.fasta,2,+,3,1362,1652,96,GTG,True,48.92,1.9501,55,0.1923
0345_One_Little_Indian_movie_.fasta,1,+,3,3045,3476,143,CTG,True,52.83,1.9256,213,0.4988
0345_One_Little_Indian_movie_.fasta,2,+,1,361,738,125,ATG,False,55.93,1.9070,144,0.3861
0345_One_Little_Indian_movie_.fasta,3,+,3,1653,2030,125,ATG,False,50.43,1.9518,131,0.3512
0345_One_Little_Indian_movie_.fasta,4,+,3,1266,1640,124,GTG,True,50.35,1.9432,102,0.2757
0345_One_Little_Indian_movie_.fasta,5,+,2,1694,2056,120,GTG,True,57.11,1.9433,130,0.3631
0345_One_Little_Indian_movie_.fasta,6,+,3,2169,2513,114,CTG,True,59.14,1.9100,166,0.4882
0345_One_Little_Indian_movie_.fasta,7,+,3,2625,2936,103,ATG,False,58.63,1.9146,109,0.3550
0345_One_Little_Indian_movie_.fasta,8,+,3,3645,3932,95,CTG,True,57.69,1.9169,68,0.2403
0345_One_Little_Indian_movie_.fasta,9,+,1,3373,3648,91,CTG,True,49.26,1.9308,43,0.1587
0346_Bamba_snack_.fasta,1,+,1,1006,1401,131,GTG,True,51.64,1.9311,147,0.3760
0346_Bamba_snack_.fasta,2,+,2,5,301,98,CTG,True,55.37,1.9860,95,0.3253
0347_Mandela_Long_Walk_to_Freedom.fasta,1,-,-2,1630,1890,86,CTG,True,45.60,1.9067,68,0.2656
0347_Mandela_Long_Walk_to_Freedom.fasta,2,+,2,1649,1900,83,CTG,True,54.47,1.9148,64,0.2591
0348_Rhett_Link.fasta,1,+,2,2021,2287,88,CTG,True,53.06,1.9766,96,0.3664
0349_Alzano_Scrivia.fasta,1,+,2,5,418,137,CTG,True,53.10,1.9351,210,0.5134
0349_Alzano_Scrivia.fasta,2,-,-1,46,390,114,CTG,True,57.36,1.9153,175,0.5147
0350_Constitutional_economics.fasta,1,+,1,202,480,92,GTG,True,52.07,1.9436,91,0.3321
0351_Chantes.fasta,1,+,2,3869,4933,354,CTG,True,50.31,1.9389,727,0.6858
0351_Chantes.fasta,2,+,1,2902,3813,303,GTG,True,49.15,1.9629,570,0.6284
0351_Chantes.fasta,3,+,3,3810,4484,224,GTG,True,49.36,1.9468,424,0.6328
0351_Chantes.fasta,4,+,1,1642,2145,167,GTG,True,47.21,1.8879,329,0.6593
0351_Chantes.fasta,5,+,3,1737,2024,95,CTG,True,47.09,1.8921,176,0.6219
0351_Chantes.fasta,6,-,-3,369,626,85,CTG,True,48.37,1.9421,90,0.3557
0352_Large_Zenith_Telescope.fasta,1,+,1,322,588,88,GTG,True,51.23,1.9508,62,0.2366
0353_Coll_ge_de_France.fasta,1,+,3,33,284,83,CTG,True,57.47,1.9525,99,0.4008
0354_George_V_of_Hanover.fasta,1,+,1,49,426,125,CTG,True,47.29,1.9646,172,0.4611
0354_George_V_of_Hanover.fasta,2,-,-2,1843,2142,99,TTG,True,48.91,1.9300,110,0.3729
0354_George_V_of_Hanover.fasta,3,+,2,1853,2149,98,CTG,True,50.76,1.9290,109,0.3733
0354_George_V_of_Hanover.fasta,4,+,1,742,1020,92,GTG,True,51.59,1.9459,87,0.3175
0355_Tignous.fasta,1,+,1,802,1149,115,GTG,True,50.36,1.9602,145,0.4227
0356_Mating_system.fasta,1,+,2,1229,1621,130,CTG,True,52.91,1.9346,155,0.3995
0356_Mating_system.fasta,2,+,1,3118,3414,98,GTG,True,49.11,1.9566,88,0.3014
0356_Mating_system.fasta,3,+,2,2726,3010,94,GTG,True,50.22,1.9662,75,0.2679
0357_Skink.fasta,1,-,-2,3597,3902,101,CTG,True,49.59,1.9648,89,0.2957
0357_Skink.fasta,2,+,1,3634,3912,92,GTG,True,48.48,1.9638,70,0.2555
0358_La_Tour_d_Auvergne.fasta,1,-,-1,1133,1474,113,CTG,True,58.25,1.9464,100,0.2967
0358_La_Tour_d_Auvergne.fasta,2,+,1,193,486,97,CTG,True,44.31,1.9394,92,0.3183
0358_La_Tour_d_Auvergne.fasta,3,-,-1,881,1126,81,CTG,True,57.39,1.9141,64,0.2656
0359_Nyhem_Week.fasta,1,+,1,589,1020,143,CTG,True,52.03,1.9408,136,0.3185
0360_Hedge_fund.fasta,1,+,2,1286,1741,151,GTG,True,46.57,1.9582,170,0.3769
0360_Hedge_fund.fasta,2,+,3,3585,4004,139,ATG,False,50.80,1.9630,167,0.4024
0360_Hedge_fund.fasta,3,+,2,2822,3208,128,GTG,True,51.37,1.9666,147,0.3848
0360_Hedge_fund.fasta,4,+,1,1042,1350,102,GTG,True,55.01,1.9396,101,0.3322
0360_Hedge_fund.fasta,5,+,2,2033,2305,90,CTG,True,60.25,1.9048,48,0.1791
0360_Hedge_fund.fasta,6,-,-3,2797,3042,81,CTG,True,49.28,1.9640,58,0.2407
0361_DuckDuckGo.fasta,1,+,2,1202,1645,147,GTG,True,50.61,1.9641,161,0.3667
0363_GMC_Acadia.fasta,1,+,1,2749,3141,130,CTG,True,52.83,1.9162,136,0.3505
0363_GMC_Acadia.fasta,2,-,-1,722,1081,119,GTG,True,54.23,1.9616,92,0.2592
0363_GMC_Acadia.fasta,3,+,3,3426,3749,107,GTG,True,50.44,1.9457,90,0.2821
0363_GMC_Acadia.fasta,4,+,2,2534,2845,103,GTG,True,46.94,1.9167,95,0.3094
0363_GMC_Acadia.fasta,5,+,2,566,844,92,GTG,True,48.99,1.9215,81,0.2956
0364_George_R._Klare.fasta,1,+,1,2002,2349,115,GTG,True,52.95,1.9411,87,0.2536
0364_George_R._Klare.fasta,2,+,3,1329,1637,102,ATG,False,47.79,1.9570,89,0.2928
0364_George_R._Klare.fasta,3,-,-1,1649,1897,82,GTG,True,50.19,1.9166,56,0.2295
0366_Rafael_Pereira_da_Silva.fasta,1,-,-1,485,823,112,ATG,False,50.86,1.9461,82,0.2455
0367_L_adan.fasta,1,+,3,102,533,143,GTG,True,49.79,1.8987,150,0.3513
0367_L_adan.fasta,2,-,-3,3113,3514,133,CTG,True,51.50,1.9337,171,0.4307
0367_L_adan.fasta,3,-,-3,2390,2746,118,CTG,True,52.21,1.9420,117,0.3324
0367_L_adan.fasta,4,+,3,2262,2594,110,GTG,True,55.43,1.9222,120,0.3659
0367_L_adan.fasta,5,+,3,1614,1922,102,GTG,True,50.80,1.9418,105,0.3454
0367_L_adan.fasta,6,+,1,2314,2616,100,ATG,False,46.03,1.9148,103,0.3456
0367_L_adan.fasta,7,+,2,758,1036,92,GTG,True,53.93,1.9161,82,0.2993
0367_L_adan.fasta,8,+,1,2026,2298,90,GTG,True,55.13,1.9311,72,0.2687
0367_L_adan.fasta,9,-,-1,358,609,83,GTG,True,49.14,1.8663,77,0.3117
0368_Lynching_postcard.fasta,1,+,1,682,1197,171,GTG,True,52.82,1.9658,228,0.4462
0368_Lynching_postcard.fasta,2,+,3,942,1265,107,GTG,True,56.16,1.9714,105,0.3292
0368_Lynching_postcard.fasta,3,-,-1,962,1243,93,ATG,False,50.14,1.9683,83,0.2996
0368_Lynching_postcard.fasta,4,-,-1,269,526,85,ATG,False,51.96,1.9371,84,0.3320
0369_Saint-Martin_Valais.fasta,1,+,3,390,809,139,GTG,True,48.08,1.9589,173,0.4169
0369_Saint-Martin_Valais.fasta,2,+,2,5,280,91,CTG,True,53.17,1.9750,73,0.2694
0369_Saint-Martin_Valais.fasta,3,-,-3,469,738,89,CTG,True,53.55,1.9197,79,0.2981
0372_Safety_data_sheet.fasta,1,-,-2,2053,2385,110,GTG,True,52.35,1.9447,105,0.3201
0372_Safety_data_sheet.fasta,2,+,3,822,1112,96,GTG,True,50.52,1.9247,114,0.3986
0372_Safety_data_sheet.fasta,3,+,1,1426,1677,83,GTG,True,52.61,1.9796,37,0.1498
0373_Dvorak_technique.fasta,1,+,1,1702,2124,140,GTG,True,51.69,1.9442,231,0.5526
0373_Dvorak_technique.fasta,2,+,1,517,816,99,CTG,True,54.69,1.9124,108,0.3661
0373_Dvorak_technique.fasta,3,+,3,1482,1778,98,GTG,True,53.55,1.9446,85,0.2911
0373_Dvorak_technique.fasta,4,+,2,2234,2488,84,GTG,True,52.07,1.9124,53,0.2120
0373_Dvorak_technique.fasta,5,+,2,3194,3442,82,GTG,True,59.74,1.9381,35,0.1434
0374_Woody_Bay_railway_station.fasta,1,+,1,1249,1605,118,ATG,False,50.55,1.9472,111,0.3153
0374_Woody_Bay_railway_station.fasta,2,+,2,1469,1786,105,ATG,False,48.40,1.9507,115,0.3674
0374_Woody_Bay_railway_station.fasta,3,+,2,2294,2566,90,GTG,True,51.91,1.9607,89,0.3321
0374_Woody_Bay_railway_station.fasta,4,+,2,833,1102,89,ATG,False,48.75,1.9639,57,0.2151
0374_Woody_Bay_railway_station.fasta,5,-,-2,607,873,88,GTG,True,60.23,1.9855,48,0.1832
0375_Annam_tree_frog.fasta,1,-,-2,2407,2742,111,TTG,True,49.64,1.9694,138,0.4169
0375_Annam_tree_frog.fasta,2,+,1,226,492,88,GTG,True,56.27,1.9811,49,0.1870
0375_Annam_tree_frog.fasta,3,-,-2,1642,1902,86,ATG,False,59.71,1.9265,73,0.2852
0375_Annam_tree_frog.fasta,4,-,-1,3023,3274,83,CTG,True,55.56,1.9062,80,0.3239
0376_Harry_Carey_Jr..fasta,1,-,-1,2093,2368,91,ATG,False,45.54,1.9713,91,0.3358
0376_Harry_Carey_Jr..fasta,2,+,2,305,553,82,CTG,True,38.27,1.9623,65,0.2664
0377_Sonneberg_district_.fasta,1,-,-3,106,366,86,CTG,True,52.57,1.9316,98,0.3828
0378_Queen_Paola_of_Belgium.fasta,1,-,-3,489,809,106,TTG,True,53.00,1.8971,108,0.3418
0378_Queen_Paola_of_Belgium.fasta,2,+,1,310,561,83,GTG,True,52.52,1.9513,79,0.3198
0379_The_Fault_in_Our_Stars.fasta,1,+,3,606,1028,140,GTG,True,52.18,1.9535,188,0.4498
0379_The_Fault_in_Our_Stars.fasta,2,+,2,617,913,98,CTG,True,56.07,1.9353,141,0.4829
0379_The_Fault_in_Our_Stars.fasta,3,+,2,3530,3826,98,GTG,True,46.22,1.9407,83,0.2842
0379_The_Fault_in_Our_Stars.fasta,4,-,-2,435,692,85,ATG,False,46.63,1.9569,86,0.3399
0380_Dyersburg_Tennessee.fasta,1,+,1,97,369,90,CTG,True,56.72,1.9181,101,0.3769
0380_Dyersburg_Tennessee.fasta,2,+,3,282,542,86,GTG,True,48.48,1.9035,82,0.3203
0381_Howard_Hesseman.fasta,1,+,3,1989,2312,107,ATG,False,48.11,1.9361,130,0.4075
0381_Howard_Hesseman.fasta,2,+,1,358,669,103,GTG,True,46.50,1.9000,128,0.4169
0381_Howard_Hesseman.fasta,3,+,2,1622,1876,84,GTG,True,47.96,1.9780,77,0.3080
0382_Robert_Reed.fasta,1,+,1,709,1329,206,CTG,True,48.61,1.9520,288,0.4675
0382_Robert_Reed.fasta,2,-,-1,53,466,137,TTG,True,54.51,1.8824,240,0.5868
0382_Robert_Reed.fasta,3,+,3,78,473,131,GTG,True,48.72,1.8703,231,0.5908
0382_Robert_Reed.fasta,4,+,1,2740,3060,106,ATG,False,49.57,1.9555,94,0.2975
0382_Robert_Reed.fasta,5,+,3,2349,2636,95,CTG,True,52.80,1.9587,79,0.2792
0383_Chris_Harris_actor_.fasta,1,+,1,1318,1584,88,GTG,True,51.60,1.9439,75,0.2863
0383_Chris_Harris_actor_.fasta,2,+,2,3686,3940,84,GTG,True,46.69,1.9830,42,0.1680
0385_Ben_Habib.fasta,1,-,-3,2841,3203,120,TTG,True,50.25,1.9159,152,0.4246
0385_Ben_Habib.fasta,2,+,2,2606,2908,100,GTG,True,51.60,1.9703,91,0.3054
0385_Ben_Habib.fasta,3,+,3,2658,2912,84,GTG,True,46.42,1.9716,66,0.2640
0387_Mi_sk_Mazowiecki.fasta,1,+,1,1990,2241,83,GTG,True,54.57,1.9197,73,0.2955
0388_The_Ollie_Moon_Show.fasta,1,+,1,2446,2904,152,GTG,True,55.24,1.9672,204,0.4493
0388_The_Ollie_Moon_Show.fasta,2,+,2,2282,2740,152,GTG,True,51.24,1.9090,226,0.4978
0388_The_Ollie_Moon_Show.fasta,3,-,-2,2254,2571,105,ATG,False,53.10,1.8368,165,0.5272
0388_The_Ollie_Moon_Show.fasta,4,+,1,217,522,101,CTG,True,51.03,1.9624,65,0.2159
0388_The_Ollie_Moon_Show.fasta,5,+,1,3742,4029,95,GTG,True,43.32,1.8567,141,0.4982
0389_Kaohsiung_County.fasta,1,+,1,25,372,115,ATG,False,47.79,1.9672,121,0.3528
0389_Kaohsiung_County.fasta,2,+,3,225,530,101,CTG,True,49.93,1.9558,112,0.3721
0389_Kaohsiung_County.fasta,3,+,3,1722,2009,95,GTG,True,50.86,1.9885,77,0.2721
0390_Cock_Lane.fasta,1,+,1,1354,1806,150,GTG,True,48.63,1.9737,172,0.3839
0391_L_le_d_Yeu.fasta,1,+,2,734,1444,236,GTG,True,57.38,1.9147,356,0.5042
0391_L_le_d_Yeu.fasta,2,-,-1,397,699,100,ATG,False,52.14,1.9461,104,0.3490
0391_L_le_d_Yeu.fasta,3,+,1,2449,2721,90,CTG,True,46.84,1.9690,44,0.1642
0391_L_le_d_Yeu.fasta,4,+,3,978,1241,87,GTG,True,60.41,1.9161,51,0.1969
0394_Looksmaxxing.fasta,1,+,3,1890,2360,156,GTG,True,51.94,1.9260,180,0.3863
0394_Looksmaxxing.fasta,2,-,-1,1241,1582,113,CTG,True,55.05,1.9289,94,0.2789
0394_Looksmaxxing.fasta,3,+,2,854,1144,96,TTG,True,49.28,1.9252,101,0.3531
0394_Looksmaxxing.fasta,4,+,1,1441,1692,83,CTG,True,50.34,1.9264,67,0.2713
0395_Premier_of_Tasmania.fasta,1,+,2,329,670,113,CTG,True,50.20,1.8149,198,0.5875
0397_Max_Fincham.fasta,1,+,1,130,480,116,GTG,True,43.22,1.9618,152,0.4393
0398_Radu_Laz_r.fasta,1,-,-3,45,326,93,CTG,True,51.65,1.9221,111,0.4007
0398_Radu_Laz_r.fasta,2,+,3,4137,4400,87,CTG,True,50.57,1.9570,49,0.1892
0398_Radu_Laz_r.fasta,3,+,1,2401,2649,82,CTG,True,51.52,1.9327,78,0.3197
0400_Charleroi.fasta,1,-,-2,1154,1417,87,TTG,True,55.83,1.9616,55,0.2124
0401_Saarbr_cken_constituency_.fasta,1,+,1,1318,1872,184,GTG,True,48.81,1.9557,239,0.4345
0401_Saarbr_cken_constituency_.fasta,2,+,2,1754,2224,156,GTG,True,50.64,1.9702,175,0.3755
0401_Saarbr_cken_constituency_.fasta,3,+,3,2709,3116,135,CTG,True,50.31,1.9507,158,0.3921
0401_Saarbr_cken_constituency_.fasta,4,+,2,3194,3496,100,GTG,True,50.52,1.9657,104,0.3490
0404_Dobbins_Air_Reserve_Base.fasta,1,+,3,2649,3005,118,CTG,True,50.04,1.9290,124,0.3523
0404_Dobbins_Air_Reserve_Base.fasta,2,+,1,2902,3180,92,GTG,True,49.01,1.9344,57,0.2080
0404_Dobbins_Air_Reserve_Base.fasta,3,+,1,82,333,83,GTG,True,50.03,1.9417,75,0.3036
0405_Policy_of_Truth.fasta,1,+,3,3234,3536,100,TTG,True,54.02,1.9605,52,0.1745
0405_Policy_of_Truth.fasta,2,-,-2,862,1107,81,ATG,False,49.84,1.9004,63,0.2614
0406_Ing_nieur_des_tudes_et_de_l_exploitation_de_l_aviation_civile.fasta,1,+,3,2130,2432,100,TTG,True,45.60,1.9640,91,0.3054
0406_Ing_nieur_des_tudes_et_de_l_exploitation_de_l_aviation_civile.fasta,2,+,2,3602,3853,83,GTG,True,52.31,1.9088,68,0.2753
0407_Roh_Hoe-chan.fasta,1,+,3,945,1244,99,ATG,False,49.48,1.9682,111,0.3763
0407_Roh_Hoe-chan.fasta,2,-,-3,757,1011,84,ATG,False,51.27,1.9484,73,0.2920
0408_Lee_Boo-jin.fasta,1,+,2,230,589,119,GTG,True,46.95,1.8118,216,0.6085
0408_Lee_Boo-jin.fasta,2,+,1,586,930,114,GTG,True,45.07,1.8338,205,0.6029
0408_Lee_Boo-jin.fasta,3,+,2,1802,2116,104,GTG,True,46.40,1.9108,119,0.3839
0408_Lee_Boo-jin.fasta,4,-,-1,1741,2001,86,GTG,True,48.26,1.9622,87,0.3398
0408_Lee_Boo-jin.fasta,5,-,-1,2113,2361,82,GTG,True,50.22,1.9806,26,0.1066
0409_Kings_of_D_isi_Muman.fasta,1,-,-3,2063,2479,138,ATG,False,51.87,1.9288,214,0.5194
0409_Kings_of_D_isi_Muman.fasta,2,+,2,1634,1996,120,GTG,True,47.92,1.9571,141,0.3939
0409_Kings_of_D_isi_Muman.fasta,3,-,-1,961,1269,102,GTG,True,48.69,1.9818,92,0.3026
0409_Kings_of_D_isi_Muman.fasta,4,-,-1,1747,2049,100,GTG,True,52.89,1.9322,97,0.3255
0409_Kings_of_D_isi_Muman.fasta,5,+,3,642,896,84,TTG,True,48.58,1.9582,56,0.2240
0412_Albanian_Revolt_of_1922.fasta,1,+,2,2042,2320,92,TTG,True,54.00,1.9517,81,0.2956
0412_Albanian_Revolt_of_1922.fasta,2,+,2,5,268,87,CTG,True,55.41,1.9721,79,0.3050
0413_Yoj_han_Shinwa_Taikei.fasta,1,+,3,1266,1562,98,GTG,True,57.04,1.9434,116,0.3973
0414_Fasting.fasta,1,+,1,826,1173,115,GTG,True,48.56,1.9638,134,0.3907
0415_Air_mass.fasta,1,+,3,1509,1952,147,CTG,True,59.13,1.9372,130,0.2961
0415_Air_mass.fasta,2,+,2,3374,3712,112,GTG,True,54.48,1.9515,79,0.2365
0415_Air_mass.fasta,3,+,1,25,309,94,ATG,False,45.19,1.9601,88,0.3143
0415_Air_mass.fasta,4,+,1,3610,3864,84,GTG,True,55.32,1.9150,72,0.2880
0415_Air_mass.fasta,5,-,-1,2433,2678,81,TTG,True,51.68,1.9458,52,0.2158
0417_James_S._C._Chao.fasta,1,-,-2,195,458,87,CTG,True,51.27,1.9284,69,0.2664
0418_Hertz.fasta,1,+,3,1533,1928,131,CTG,True,47.89,1.9399,168,0.4297
0418_Hertz.fasta,2,+,1,2785,3093,102,CTG,True,49.06,1.9376,116,0.3816
0418_Hertz.fasta,3,+,1,2254,2556,100,GTG,True,53.33,1.9252,120,0.4027
0418_Hertz.fasta,4,+,3,1194,1454,86,GTG,True,51.59,1.9407,62,0.2422
0418_Hertz.fasta,5,-,-1,2761,3009,82,TTG,True,53.40,1.9347,80,0.3279
0420_Dennis_Seidenberg.fasta,1,+,1,1897,2250,117,CTG,True,52.25,1.9482,160,0.4585
0420_Dennis_Seidenberg.fasta,2,+,2,1613,1936,107,CTG,True,54.02,1.9308,113,0.3542
0420_Dennis_Seidenberg.fasta,3,+,3,1290,1562,90,GTG,True,45.65,1.9761,82,0.3060
0420_Dennis_Seidenberg.fasta,4,-,-3,3217,3465,82,GTG,True,52.14,1.9178,68,0.2787
0421_Tsintaosaurus.fasta,1,+,1,1,336,111,CTG,True,54.74,1.9537,97,0.2931
0421_Tsintaosaurus.fasta,2,+,3,2610,2921,103,GTG,True,56.05,1.9572,104,0.3388
0422_Uhrichsville_Ohio.fasta,1,+,2,1010,1300,96,GTG,True,45.88,1.9060,112,0.3916
0424_Masud_Yunus.fasta,1,+,3,1938,2450,170,GTG,True,55.99,1.9285,275,0.5413
0424_Masud_Yunus.fasta,2,-,-2,2119,2379,86,CTG,True,54.60,1.9379,69,0.2695
0425_Suda.fasta,1,+,3,573,938,121,CTG,True,58.49,1.9029,137,0.3795
0426_Enrique_Saura.fasta,1,+,1,2890,3408,172,GTG,True,52.95,1.9678,284,0.5525
0426_Enrique_Saura.fasta,2,+,3,1137,1469,110,CTG,True,48.13,1.9673,144,0.4390
0426_Enrique_Saura.fasta,3,+,1,3562,3825,87,GTG,True,51.20,1.9665,114,0.4402
0426_Enrique_Saura.fasta,4,+,2,3065,3328,87,ATG,False,53.26,1.9737,97,0.3745
0426_Enrique_Saura.fasta,5,-,-2,3550,3810,86,ATG,False,52.28,1.9786,113,0.4414
0426_Enrique_Saura.fasta,6,+,3,711,968,85,ATG,False,50.48,1.9677,55,0.2174
0426_Enrique_Saura.fasta,7,+,3,1653,1901,82,CTG,True,49.31,1.9503,79,0.3238
0427_Dick_Williams_magician_.fasta,1,-,-1,131,385,84,GTG,True,53.14,1.9537,60,0.2400
0428_For_the_Boys.fasta,1,+,3,1917,2336,139,CTG,True,60.51,1.9235,236,0.5687
0428_For_the_Boys.fasta,2,+,1,226,564,112,GTG,True,52.58,1.9108,111,0.3323
0428_For_the_Boys.fasta,3,+,3,1593,1916,107,CTG,True,58.31,1.9407,163,0.5110
0428_For_the_Boys.fasta,4,-,-3,1446,1718,90,TTG,True,53.77,1.9523,66,0.2463
0428_For_the_Boys.fasta,5,+,1,1534,1788,84,GTG,True,54.44,1.9585,89,0.3560
0428_For_the_Boys.fasta,6,-,-2,1201,1449,82,TTG,True,52.65,1.9466,85,0.3484
0429_Urban_contemporary_gospel.fasta,1,+,3,153,416,87,CTG,True,50.96,1.9453,87,0.3359
0432_Heaton_Park.fasta,1,+,2,1082,1468,128,GTG,True,52.94,1.9405,109,0.2853
0432_Heaton_Park.fasta,2,+,1,334,621,95,GTG,True,51.95,1.9263,104,0.3675
0432_Heaton_Park.fasta,3,+,3,1302,1586,94,GTG,True,48.47,1.9747,60,0.2143
0432_Heaton_Park.fasta,4,+,2,2006,2284,92,GTG,True,54.67,1.9567,85,0.3102
0433_Frisian_handball.fasta,1,+,3,474,800,108,GTG,True,52.39,1.9524,108,0.3354
0435_SWOT_Analysis.fasta,1,+,2,2129,2452,107,CTG,True,63.86,1.8960,130,0.4075
0435_SWOT_Analysis.fasta,2,+,2,3293,3553,86,ATG,False,56.48,1.9562,92,0.3594
0437_Zodiac_Killer.fasta,1,-,-3,109,399,96,CTG,True,53.28,1.9678,83,0.2902
0437_Zodiac_Killer.fasta,2,-,-2,197,484,95,ATG,False,52.64,1.9540,107,0.3781
0437_Zodiac_Killer.fasta,3,+,1,817,1074,85,ATG,False,46.93,1.9363,69,0.2727
0438_Volusia_County_Florida.fasta,1,+,2,5,394,129,CTG,True,52.15,1.9650,154,0.4000
0438_Volusia_County_Florida.fasta,2,+,1,178,441,87,GTG,True,48.27,1.9471,85,0.3282
0439_Licence_to_Kill.fasta,1,+,1,934,1317,127,GTG,True,48.01,1.9687,107,0.2823
0439_Licence_to_Kill.fasta,2,+,1,346,684,112,GTG,True,47.31,1.9238,115,0.3443
0439_Licence_to_Kill.fasta,3,-,-2,691,1020,109,TTG,True,49.71,1.9669,91,0.2800
0439_Licence_to_Kill.fasta,4,+,2,1877,2164,95,ATG,False,51.41,1.9725,65,0.2297
0440_Gone_Too_Soon.fasta,1,-,-2,259,537,92,GTG,True,44.37,1.9414,64,0.2336
0440_Gone_Too_Soon.fasta,2,+,3,1149,1412,87,ATG,False,53.74,1.9721,60,0.2317
0440_Gone_Too_Soon.fasta,3,+,1,589,837,82,CTG,True,52.86,1.9640,67,0.2746
0441_Hanging_Gardens_of_Babylon.fasta,1,+,3,1686,2096,136,GTG,True,53.31,1.9081,176,0.4335
0441_Hanging_Gardens_of_Babylon.fasta,2,+,1,2965,3264,99,CTG,True,46.93,1.9474,62,0.2102
0441_Hanging_Gardens_of_Babylon.fasta,3,-,-2,2242,2514,90,CTG,True,58.87,1.9244,90,0.3358
0442_List_of_MeSH_codes_C11_.fasta,1,+,3,1494,1742,82,GTG,True,54.55,1.9580,78,0.3197
0442_List_of_MeSH_codes_C11_.fasta,2,-,-1,3262,3510,82,ATG,False,44.98,1.9643,82,0.3361
0444_Band_gap.fasta,1,+,1,2122,2772,216,GTG,True,53.07,1.9300,383,0.5929
0444_Band_gap.fasta,2,-,-2,2298,2585,95,GTG,True,58.43,1.9204,107,0.3781
0444_Band_gap.fasta,3,+,2,1874,2125,83,GTG,True,52.60,1.9076,61,0.2470
0445_Steinfurt.fasta,1,+,2,1073,1348,91,ATG,False,52.83,1.9611,82,0.3026
0446_Oscar_Zeta_Acosta.fasta,1,+,3,2274,2588,104,GTG,True,47.28,1.9818,73,0.2355
0447_Anton_Siluanov.fasta,1,-,-3,522,818,98,CTG,True,52.19,1.9255,105,0.3596
0447_Anton_Siluanov.fasta,2,-,-2,2452,2709,85,TTG,True,51.03,1.9304,88,0.3478
0448_Toto_IV.fasta,1,+,3,621,944,107,ATG,False,49.71,1.9503,53,0.1661
0448_Toto_IV.fasta,2,+,1,3817,4116,99,CTG,True,57.41,1.9751,60,0.2034
0448_Toto_IV.fasta,3,+,1,2458,2733,91,GTG,True,48.01,1.9509,92,0.3395
0451_Fultonham_Ohio.fasta,1,+,1,3346,4188,280,TTG,True,49.55,1.9623,561,0.6695
0451_Fultonham_Ohio.fasta,2,+,2,5,661,218,CTG,True,54.06,1.9412,349,0.5353
0451_Fultonham_Ohio.fasta,3,+,2,3914,4321,135,GTG,True,50.57,1.9658,185,0.4591
0451_Fultonham_Ohio.fasta,4,+,1,838,1236,132,TTG,True,53.15,1.9291,183,0.4645
0451_Fultonham_Ohio.fasta,5,+,1,298,690,130,GTG,True,46.30,1.9294,179,0.4613
0451_Fultonham_Ohio.fasta,6,+,3,3042,3416,124,GTG,True,49.85,1.9811,147,0.3973
0451_Fultonham_Ohio.fasta,7,+,2,1910,2248,112,TTG,True,48.92,1.8699,171,0.5120
0451_Fultonham_Ohio.fasta,8,+,2,2450,2770,106,GTG,True,52.26,1.9530,129,0.4082
0451_Fultonham_Ohio.fasta,9,+,3,3597,3914,105,CTG,True,54.57,1.9481,138,0.4409
0451_Fultonham_Ohio.fasta,10,+,3,33,320,95,CTG,True,51.43,1.9594,111,0.3922
0451_Fultonham_Ohio.fasta,11,+,3,522,785,87,GTG,True,50.39,1.7131,144,0.5560
0451_Fultonham_Ohio.fasta,12,+,1,1414,1674,86,GTG,True,54.35,1.9522,99,0.3867
0451_Fultonham_Ohio.fasta,13,-,-1,2375,2635,86,ATG,False,56.81,1.9326,104,0.4062
0451_Fultonham_Ohio.fasta,14,+,3,1614,1865,83,GTG,True,39.59,1.8130,148,0.5992
0452_Feichten.fasta,1,+,3,741,1376,211,ATG,False,54.18,1.9435,220,0.3487
0452_Feichten.fasta,2,+,2,1226,1564,112,GTG,True,51.37,1.9038,90,0.2695
0452_Feichten.fasta,3,+,3,222,500,92,GTG,True,48.41,1.9343,109,0.3978
0453_Teruki_Miyamoto.fasta,1,+,3,2433,2939,168,CTG,True,53.76,1.9661,261,0.5199
0453_Teruki_Miyamoto.fasta,2,+,2,1862,2152,96,GTG,True,53.06,1.9700,54,0.1888
0453_Teruki_Miyamoto.fasta,3,+,2,4097,4372,91,CTG,True,52.80,1.9311,95,0.3506
0454_6.fasta,1,+,3,2502,2768,88,GTG,True,48.73,1.9862,56,0.2137
0454_6.fasta,2,-,-2,145,390,81,TTG,True,45.26,1.9611,45,0.1867
0455_Hyloxalus_borjai.fasta,1,+,3,426,677,83,GTG,True,51.76,1.9720,60,0.2429
0456_Kevin_Beattie.fasta,1,+,1,109,501,130,CTG,True,51.76,1.8776,242,0.6237
0456_Kevin_Beattie.fasta,2,+,3,1269,1661,130,ATG,False,48.55,1.9715,125,0.3222
0456_Kevin_Beattie.fasta,3,+,3,546,908,120,GTG,True,46.06,1.9586,134,0.3743
0456_Kevin_Beattie.fasta,4,+,1,841,1200,119,ATG,False,49.52,1.9433,130,0.3662
0456_Kevin_Beattie.fasta,5,+,1,3178,3456,92,GTG,True,45.67,1.8027,144,0.5255
0456_Kevin_Beattie.fasta,6,+,3,1878,2144,88,GTG,True,51.13,1.9785,67,0.2557
0456_Kevin_Beattie.fasta,7,+,3,2346,2609,87,GTG,True,44.37,1.9096,96,0.3707
0457_Edward_Hardwicke.fasta,1,+,2,1250,1597,115,GTG,True,52.08,1.9249,128,0.3732
0457_Edward_Hardwicke.fasta,2,+,3,789,1109,106,ATG,False,47.93,1.9434,120,0.3797
0458_Les_Andelys.fasta,1,+,2,1634,2029,131,GTG,True,51.74,1.9820,163,0.4169
0459_Brown_tree_snake.fasta,1,+,1,481,816,111,CTG,True,52.01,1.9469,125,0.3776
0461_Tanzimat.fasta,1,+,1,2326,2748,140,GTG,True,51.98,1.9479,131,0.3134
0462_Antony_Armstrong-Jones_1st_Earl_of_Snowdon.fasta,1,+,3,330,797,155,GTG,True,48.69,1.9379,178,0.3844
0462_Antony_Armstrong-Jones_1st_Earl_of_Snowdon.fasta,2,-,-3,646,1020,124,ATG,False,57.51,1.7702,211,0.5703
0462_Antony_Armstrong-Jones_1st_Earl_of_Snowdon.fasta,3,+,2,1145,1492,115,CTG,True,43.60,1.5226,249,0.7259
0462_Antony_Armstrong-Jones_1st_Earl_of_Snowdon.fasta,4,-,-2,578,874,98,CTG,True,57.91,1.8938,106,0.3630
0463_Olive_fruit_.fasta,1,+,2,5,328,107,CTG,True,56.04,1.9520,69,0.2163
0463_Olive_fruit_.fasta,2,+,3,822,1109,95,GTG,True,48.55,1.9610,109,0.3852
0463_Olive_fruit_.fasta,3,+,2,3953,4225,90,ATG,False,56.02,1.9465,65,0.2425
0464_Willkie_Farr_Gallagher.fasta,1,+,2,5,277,90,CTG,True,49.31,1.9450,78,0.2910
0464_Willkie_Farr_Gallagher.fasta,2,+,2,2597,2860,87,ATG,False,47.13,1.9707,63,0.2432
0465_Jailer_2023_Tamil_movie_.fasta,1,-,-1,74,478,134,CTG,True,55.73,1.9632,169,0.4225
0465_Jailer_2023_Tamil_movie_.fasta,2,-,-2,1294,1539,81,TTG,True,51.71,1.8858,97,0.4025
0466_Schwendau.fasta,1,+,2,5,352,115,CTG,True,49.02,1.9509,166,0.4840
0467_Deity.fasta,1,+,3,831,1076,81,ATG,False,55.83,1.8843,65,0.2697
0469_Lyman_County_South_Dakota.fasta,1,+,1,1678,2052,124,GTG,True,48.58,1.9543,109,0.2946
0469_Lyman_County_South_Dakota.fasta,2,+,1,1270,1596,108,GTG,True,48.15,1.9511,98,0.3043
0469_Lyman_County_South_Dakota.fasta,3,+,3,822,1142,106,TTG,True,48.26,1.9200,93,0.2943
0469_Lyman_County_South_Dakota.fasta,4,+,1,2425,2688,87,CTG,True,52.61,1.9044,65,0.2510
0469_Lyman_County_South_Dakota.fasta,5,+,3,2481,2732,83,ATG,False,48.82,1.9415,56,0.2267
0470_Lesj_fors_IF.fasta,1,+,3,1674,1952,92,GTG,True,46.29,1.8918,128,0.4672
0470_Lesj_fors_IF.fasta,2,-,-1,503,778,91,TTG,True,52.64,1.7223,161,0.5941
0470_Lesj_fors_IF.fasta,3,+,3,102,356,84,GTG,True,42.59,1.8172,133,0.5320
0471_Eurovision_Song_Contest_2018.fasta,1,+,1,3370,3741,123,GTG,True,52.30,1.9158,161,0.4387
0471_Eurovision_Song_Contest_2018.fasta,2,+,3,1962,2318,118,GTG,True,45.78,1.9367,122,0.3466
0471_Eurovision_Song_Contest_2018.fasta,3,-,-2,2405,2689,94,GTG,True,49.24,1.9143,70,0.2500
0471_Eurovision_Song_Contest_2018.fasta,4,+,3,1602,1862,86,GTG,True,45.36,1.9464,63,0.2461
0471_Eurovision_Song_Contest_2018.fasta,5,-,-2,3707,3958,83,ATG,False,57.00,1.9524,65,0.2632
0471_Eurovision_Song_Contest_2018.fasta,6,-,-3,349,597,82,GTG,True,49.16,1.9265,56,0.2295
0472_Stormbreaker_movie_.fasta,1,+,1,2557,2844,95,CTG,True,51.63,1.9226,74,0.2615
0472_Stormbreaker_movie_.fasta,2,-,-2,1239,1502,87,CTG,True,57.74,1.9358,69,0.2664
0473_94_number_.fasta,1,+,1,1606,2130,174,GTG,True,46.54,1.9483,281,0.5404
0473_94_number_.fasta,2,+,2,698,1045,115,GTG,True,48.84,1.9605,133,0.3878
0473_94_number_.fasta,3,+,3,1434,1748,104,GTG,True,48.34,1.9169,162,0.5226
0473_94_number_.fasta,4,+,2,1754,2050,98,GTG,True,49.25,1.9348,119,0.4075
0473_94_number_.fasta,5,+,2,1361,1642,93,CTG,True,47.73,1.9465,130,0.4693
0473_94_number_.fasta,6,+,1,1297,1572,91,CTG,True,56.40,1.9609,105,0.3875
0473_94_number_.fasta,7,-,-2,1803,2078,91,CTG,True,53.03,1.9084,122,0.4502
0473_94_number_.fasta,8,-,-3,2354,2626,90,CTG,True,58.50,1.8420,120,0.4478
0473_94_number_.fasta,9,+,3,2442,2708,88,GTG,True,44.64,1.7153,143,0.5458
0473_94_number_.fasta,10,-,-2,534,794,86,CTG,True,49.45,1.9096,85,0.3320
0474_Pete_Goegan.fasta,1,+,1,1294,1653,119,GTG,True,48.80,1.9708,116,0.3268
0474_Pete_Goegan.fasta,2,-,-2,1254,1538,94,CTG,True,59.23,1.9656,91,0.3250
0475_Kokkai-gijid_-mae_Station.fasta,1,+,1,2461,2985,174,ATG,False,49.92,1.9273,250,0.4808
0475_Kokkai-gijid_-mae_Station.fasta,2,+,1,967,1422,151,CTG,True,58.85,1.9875,212,0.4701
0475_Kokkai-gijid_-mae_Station.fasta,3,+,2,86,364,92,GTG,True,53.30,1.9272,55,0.2007
0475_Kokkai-gijid_-mae_Station.fasta,4,+,2,1694,1969,91,GTG,True,47.07,1.9540,99,0.3653
0475_Kokkai-gijid_-mae_Station.fasta,5,+,2,2738,3013,91,GTG,True,50.81,1.9537,90,0.3321
0475_Kokkai-gijid_-mae_Station.fasta,6,-,-3,871,1146,91,CTG,True,61.02,1.9398,83,0.3063
0475_Kokkai-gijid_-mae_Station.fasta,7,+,3,888,1160,90,ATG,False,68.30,1.9491,81,0.3022
0475_Kokkai-gijid_-mae_Station.fasta,8,+,3,1458,1709,83,GTG,True,54.22,1.9117,53,0.2146
0475_Kokkai-gijid_-mae_Station.fasta,9,-,-2,875,1126,83,CTG,True,59.17,1.9343,75,0.3036
0475_Kokkai-gijid_-mae_Station.fasta,10,+,3,1830,2078,82,GTG,True,50.54,1.9440,48,0.1967
0475_Kokkai-gijid_-mae_Station.fasta,11,+,3,2793,3038,81,ATG,False,54.09,1.9745,82,0.3402
0476_Thirty_Three_movie_.fasta,1,+,1,778,1044,88,GTG,True,53.32,1.9268,74,0.2824
0476_Thirty_Three_movie_.fasta,2,-,-3,34,282,82,CTG,True,54.08,1.9377,74,0.3033
0477_Bernese_German.fasta,1,+,2,1910,2221,103,GTG,True,43.78,1.9120,180,0.5863
0477_Bernese_German.fasta,2,+,3,1419,1730,103,ATG,False,50.69,1.9497,86,0.2801
0477_Bernese_German.fasta,3,+,1,1486,1752,88,ATG,False,50.03,1.9293,65,0.2481
0477_Bernese_German.fasta,4,+,2,734,1000,88,GTG,True,50.39,1.9835,59,0.2252
0477_Bernese_German.fasta,5,-,-3,1030,1293,87,GTG,True,52.13,1.5667,158,0.6100
0477_Bernese_German.fasta,6,+,1,2218,2478,86,GTG,True,41.24,1.9105,113,0.4414
0478_Bhil.fasta,1,+,1,1174,1614,146,ATG,False,57.38,1.9810,138,0.3165
0478_Bhil.fasta,2,+,3,2934,3206,90,GTG,True,58.26,1.8745,91,0.3396
0478_Bhil.fasta,3,+,1,2470,2736,88,GTG,True,49.74,1.9413,66,0.2519
0478_Bhil.fasta,4,-,-2,2385,2633,82,TTG,True,53.41,1.9320,64,0.2623
0479_Ski_goggles.fasta,1,+,3,3846,4232,128,GTG,True,54.58,1.9321,172,0.4503
0479_Ski_goggles.fasta,2,+,1,2293,2616,107,ATG,False,53.98,1.9753,61,0.1912
0479_Ski_goggles.fasta,3,+,1,2902,3168,88,TTG,True,53.55,1.9752,66,0.2519
0479_Ski_goggles.fasta,4,+,2,1946,2212,88,GTG,True,48.76,1.9446,63,0.2405
0480_Koji_Yoshimura.fasta,1,+,3,78,497,139,GTG,True,49.37,1.9391,171,0.4120
0480_Koji_Yoshimura.fasta,2,+,1,1834,2208,124,GTG,True,50.04,1.9415,146,0.3946
0480_Koji_Yoshimura.fasta,3,+,2,2018,2320,100,GTG,True,47.32,1.9441,108,0.3624
0480_Koji_Yoshimura.fasta,4,+,2,134,412,92,GTG,True,56.30,1.9140,112,0.4088
0480_Koji_Yoshimura.fasta,5,+,2,746,1024,92,GTG,True,46.85,1.9206,72,0.2628
0480_Koji_Yoshimura.fasta,6,+,1,2230,2502,90,GTG,True,52.07,1.9490,98,0.3657
0480_Koji_Yoshimura.fasta,7,+,3,1134,1382,82,GTG,True,45.34,1.9749,105,0.4303
0481_Relapsing_fever.fasta,1,+,2,689,1114,141,ATG,False,46.10,1.7845,245,0.5819
0481_Relapsing_fever.fasta,2,+,2,5,349,114,CTG,True,54.76,1.8840,163,0.4794
0481_Relapsing_fever.fasta,3,-,-3,820,1134,104,CTG,True,52.96,1.7657,185,0.5968
0481_Relapsing_fever.fasta,4,+,3,2742,3032,96,GTG,True,50.63,1.9429,77,0.2692
0481_Relapsing_fever.fasta,5,+,2,1433,1696,87,CTG,True,52.73,1.9334,70,0.2703
0481_Relapsing_fever.fasta,6,+,2,3797,4048,83,CTG,True,50.13,1.9392,62,0.2510
0481_Relapsing_fever.fasta,7,+,3,1770,2018,82,GTG,True,51.22,1.9014,76,0.3115
0482_Fallout_video_game_.fasta,1,+,1,1,249,82,CTG,True,56.30,1.9674,73,0.2992
0484_Tom_Coleman_Missouri_politician_.fasta,1,+,3,33,560,175,CTG,True,49.99,1.9527,263,0.5029
0484_Tom_Coleman_Missouri_politician_.fasta,2,+,3,2610,3026,138,GTG,True,49.27,1.9344,117,0.2840
0484_Tom_Coleman_Missouri_politician_.fasta,3,+,2,2570,2845,91,GTG,True,48.75,1.9141,67,0.2472
0484_Tom_Coleman_Missouri_politician_.fasta,4,+,3,3054,3329,91,GTG,True,47.32,1.9260,57,0.2103
0484_Tom_Coleman_Missouri_politician_.fasta,5,+,1,3310,3558,82,GTG,True,47.17,1.9242,86,0.3525
0485_Jay_Clayton.fasta,1,+,3,33,428,131,CTG,True,48.10,1.8910,189,0.4834
0486_Abdul_Khalek_Hassouna.fasta,1,+,1,325,864,179,GTG,True,49.61,1.9555,230,0.4299
0486_Abdul_Khalek_Hassouna.fasta,2,+,2,1394,1816,140,GTG,True,50.80,1.9472,186,0.4450
0486_Abdul_Khalek_Hassouna.fasta,3,+,2,5,346,113,CTG,True,54.62,1.9762,90,0.2671
0486_Abdul_Khalek_Hassouna.fasta,4,+,1,865,1116,83,CTG,True,48.46,1.9202,53,0.2146
0488_Poul_Hansen_Egede.fasta,1,+,3,3366,3878,170,GTG,True,54.55,1.9340,213,0.4193
0488_Poul_Hansen_Egede.fasta,2,-,-2,3494,3841,115,TTG,True,51.38,1.9188,70,0.2041
0488_Poul_Hansen_Egede.fasta,3,+,2,2090,2416,108,GTG,True,58.27,1.8986,102,0.3168
0488_Poul_Hansen_Egede.fasta,4,+,1,2197,2496,99,ATG,False,51.74,1.9312,74,0.2508
0488_Poul_Hansen_Egede.fasta,5,-,-2,2927,3226,99,CTG,True,46.74,1.9156,96,0.3254
0491_Luzius_Wildhaber.fasta,1,-,-2,2465,2797,110,GTG,True,55.16,1.9661,77,0.2348
0491_Luzius_Wildhaber.fasta,2,+,1,1282,1608,108,GTG,True,53.65,1.9254,76,0.2360
0491_Luzius_Wildhaber.fasta,3,+,3,2025,2336,103,ATG,False,52.05,1.9457,93,0.3029
0491_Luzius_Wildhaber.fasta,4,+,3,3222,3473,83,GTG,True,52.57,1.9404,60,0.2429
0491_Luzius_Wildhaber.fasta,5,-,-1,954,1202,82,ATG,False,61.71,1.9606,61,0.2500
0492_Marchais_Aisne.fasta,1,+,3,1209,1508,99,CTG,True,49.57,1.9431,103,0.3492
0492_Marchais_Aisne.fasta,2,-,-2,1023,1304,93,CTG,True,49.84,1.9644,55,0.1986
0492_Marchais_Aisne.fasta,3,+,2,230,493,87,GTG,True,55.85,1.9213,89,0.3436
0492_Marchais_Aisne.fasta,4,+,3,3765,4016,83,ATG,False,46.52,1.9344,81,0.3279
0493_Friday_the_13th_1980_movie_.fasta,1,-,-1,277,597,106,GTG,True,47.63,1.9095,119,0.3766
0494_Bedtime_Story_Madonna_song_.fasta,1,-,-2,429,674,81,CTG,True,52.86,1.9400,82,0.3402
0496_Kimani_Njogu.fasta,1,+,3,3033,3482,149,CTG,True,53.94,1.9163,186,0.4180
0496_Kimani_Njogu.fasta,2,-,-3,1879,2223,114,CTG,True,51.96,1.9453,93,0.2735
0496_Kimani_Njogu.fasta,3,+,3,33,353,106,CTG,True,54.72,1.9337,153,0.4842
0496_Kimani_Njogu.fasta,4,+,1,997,1284,95,CTG,True,44.72,1.9448,69,0.2438
0496_Kimani_Njogu.fasta,5,-,-1,2190,2459,89,ATG,False,50.99,1.9620,76,0.2868
0496_Kimani_Njogu.fasta,6,+,1,154,420,88,GTG,True,50.94,1.9410,139,0.5305
0498_Cihuela.fasta,1,+,3,1314,1565,83,GTG,True,49.97,1.9367,71,0.2874
0499_Joseph_B._Raynor_Jr..fasta,1,+,1,3514,3852,112,GTG,True,55.66,1.9424,108,0.3234
0499_Joseph_B._Raynor_Jr..fasta,2,-,-3,1167,1478,103,CTG,True,51.76,1.9466,88,0.2866
0499_Joseph_B._Raynor_Jr..fasta,3,+,2,3722,4012,96,GTG,True,50.97,1.8890,98,0.3427
0499_Joseph_B._Raynor_Jr..fasta,4,+,1,2650,2904,84,GTG,True,56.11,1.9583,42,0.1680
